날짜,종가
2014- 01- 03,"7,755"
2014- 01- 06,"7,735"
2014- 01- 07,"7,715"
2014- 01- 08,"7,715"
2014- 01- 09,"7,760"
2014- 01- 10,"7,825"
2014- 01- 13,"7,780"
2014- 01- 14,"7,785"
2014- 01- 15,"7,760"
2014- 01- 16,"7,730"
2014- 01- 17,"7,805"
2014- 01- 20,"7,750"
2014- 01- 21,"7,690"
2014- 01- 22,"7,695"
2014- 01- 23,"7,790"
2014- 01- 24,"7,820"
2014- 01- 27,"7,915"
2014- 01- 28,"7,890"
2014- 01- 29,"7,805"
2014- 02- 03,"7,910"
2014- 02- 04,"8,075"
2014- 02- 05,"8,035"
2014- 02- 06,"7,965"
2014- 02- 07,"7,905"
2014- 02- 10,"7,905"
2014- 02- 11,"7,865"
2014- 02- 12,"7,845"
2014- 02- 13,"7,915"
2014- 02- 14,"7,815"
2014- 02- 17,"7,810"
2014- 02- 18,"7,805"
2014- 02- 19,"7,850"
2014- 02- 20,"7,895"
2014- 02- 21,"7,770"
2014- 02- 24,"7,800"
2014- 02- 25,"7,740"
2014- 02- 26,"7,710"
2014- 02- 27,"7,695"
2014- 02- 28,"7,695"
2014- 03- 03,"7,750"
2014- 03- 04,"7,775"
2014- 03- 05,"7,695"
2014- 03- 06,"7,695"
2014- 03- 07,"7,715"
2014- 03- 10,"7,815"
2014- 03- 11,"7,780"
2014- 03- 12,"7,905"
2014- 03- 13,"7,870"
2014- 03- 14,"7,965"
2014- 03- 17,"7,930"
2014- 03- 18,"7,880"
2014- 03- 19,"7,880"
2014- 03- 20,"7,980"
2014- 03- 21,"7,910"
2014- 03- 24,"7,870"
2014- 03- 25,"7,885"
2014- 03- 26,"7,775"
2014- 03- 27,"7,725"
2014- 03- 28,"7,725"
2014- 03- 31,"7,715"
2014- 04- 01,"7,680"
2014- 04- 02,"7,660"
2014- 04- 03,"7,660"
2014- 04- 04,"7,630"
2014- 04- 07,"7,655"
2014- 04- 08,"7,605"
2014- 04- 09,"7,600"
2014- 04- 10,"7,580"
2014- 04- 11,"7,640"
2014- 04- 14,"7,620"
2014- 04- 15,"7,670"
2014- 04- 16,"7,635"
2014- 04- 17,"7,650"
2014- 04- 18,"7,590"
2014- 04- 21,"7,605"
2014- 04- 22,"7,605"
2014- 04- 23,"7,615"
2014- 04- 24,"7,625"
2014- 04- 25,"7,745"
2014- 04- 28,"7,735"
2014- 04- 29,"7,775"
2014- 04- 30,"7,805"
2014- 05- 02,"7,815"
2014- 05- 07,"7,895"
2014- 05- 08,"7,855"
2014- 05- 09,"7,850"
2014- 05- 12,"7,805"
2014- 05- 13,"7,690"
2014- 05- 14,"7,590"
2014- 05- 15,"7,590"
2014- 05- 16,"7,600"
2014- 05- 19,"7,590"
2014- 05- 20,"7,590"
2014- 05- 21,"7,585"
2014- 05- 22,"7,550"
2014- 05- 23,"7,565"
2014- 05- 26,"7,580"
2014- 05- 27,"7,660"
2014- 05- 28,"7,580"
2014- 05- 29,"7,590"
2014- 05- 30,"7,645"
2014- 06- 02,"7,630"
2014- 06- 03,"7,630"
2014- 06- 05,"7,675"
2014- 06- 09,"7,670"
2014- 06- 10,"7,600"
2014- 06- 11,"7,610"
2014- 06- 12,"7,630"
2014- 06- 13,"7,735"
2014- 06- 16,"7,690"
2014- 06- 17,"7,685"
2014- 06- 18,"7,725"
2014- 06- 19,"7,705"
2014- 06- 20,"7,820"
2014- 06- 23,"7,780"
2014- 06- 24,"7,690"
2014- 06- 25,"7,750"
2014- 06- 26,"7,685"
2014- 06- 27,"7,705"
2014- 06- 30,"7,695"
2014- 07- 01,"7,695"
2014- 07- 02,"7,640"
2014- 07- 03,"7,650"
2014- 07- 04,"7,665"
2014- 07- 07,"7,705"
2014- 07- 08,"7,705"
2014- 07- 09,"7,745"
2014- 07- 10,"7,730"
2014- 07- 11,"7,800"
2014- 07- 14,"7,765"
2014- 07- 15,"7,690"
2014- 07- 16,"7,680"
2014- 07- 17,"7,655"
2014- 07- 18,"7,665"
2014- 07- 21,"7,670"
2014- 07- 22,"7,620"
2014- 07- 23,"7,625"
2014- 07- 24,"7,625"
2014- 07- 25,"7,605"
2014- 07- 28,"7,540"
2014- 07- 29,"7,465"
2014- 07- 30,"7,375"
2014- 07- 31,"7,420"
2014- 08- 01,"7,430"
2014- 08- 04,"7,440"
2014- 08- 05,"7,495"
2014- 08- 06,"7,515"
2014- 08- 07,"7,550"
2014- 08- 08,"7,645"
2014- 08- 11,"7,605"
2014- 08- 12,"7,600"
2014- 08- 13,"7,565"
2014- 08- 14,"7,535"
2014- 08- 18,"7,580"
2014- 08- 19,"7,520"
2014- 08- 20,"7,530"
2014- 08- 21,"7,650"
2014- 08- 22,"7,605"
2014- 08- 25,"7,580"
2014- 08- 26,"7,550"
2014- 08- 27,"7,540"
2014- 08- 28,"7,545"
2014- 08- 29,"7,575"
2014- 09- 01,"7,580"
2014- 09- 02,"7,655"
2014- 09- 03,"7,660"
2014- 09- 04,"7,640"
2014- 09- 05,"7,660"
2014- 09- 11,"7,705"
2014- 09- 12,"7,690"
2014- 09- 15,"7,725"
2014- 09- 16,"7,695"
2014- 09- 17,"7,620"
2014- 09- 18,"7,665"
2014- 09- 19,"7,640"
2014- 09- 22,"7,740"
2014- 09- 23,"7,750"
2014- 09- 24,"7,760"
2014- 09- 25,"7,770"
2014- 09- 26,"7,790"
2014- 09- 29,"7,810"
2014- 09- 30,"7,850"
2014- 10- 01,"7,950"
2014- 10- 02,"8,050"
2014- 10- 06,"8,070"
2014- 10- 07,"8,065"
2014- 10- 08,"8,085"
2014- 10- 10,"8,210"
2014- 10- 13,"8,240"
2014- 10- 14,"8,235"
2014- 10- 15,"8,260"
2014- 10- 16,"8,295"
2014- 10- 17,"8,380"
2014- 10- 20,"8,280"
2014- 10- 21,"8,345"
2014- 10- 22,"8,280"
2014- 10- 23,"8,265"
2014- 10- 24,"8,305"
2014- 10- 27,"8,265"
2014- 10- 28,"8,275"
2014- 10- 29,"8,115"
2014- 10- 30,"8,120"
2014- 10- 31,"8,075"
2014- 11- 03,"8,120"
2014- 11- 04,"8,180"
2014- 11- 05,"8,205"
2014- 11- 06,"8,155"
2014- 11- 07,"8,150"
2014- 11- 10,"8,065"
2014- 11- 11,"8,075"
2014- 11- 12,"8,040"
2014- 11- 13,"8,070"
2014- 11- 14,"8,140"
2014- 11- 17,"8,120"
2014- 11- 18,"8,055"
2014- 11- 19,"8,070"
2014- 11- 20,"8,095"
2014- 11- 21,"8,075"
2014- 11- 24,"7,995"
2014- 11- 25,"8,000"
2014- 11- 26,"8,015"
2014- 11- 27,"7,965"
2014- 11- 28,"7,975"
2014- 12- 01,"8,050"
2014- 12- 02,"8,050"
2014- 12- 03,"8,035"
2014- 12- 04,"7,940"
2014- 12- 05,"7,940"
2014- 12- 08,"7,955"
2014- 12- 09,"7,980"
2014- 12- 10,"8,110"
2014- 12- 11,"8,220"
2014- 12- 12,"8,200"
2014- 12- 15,"8,195"
2014- 12- 16,"8,250"
2014- 12- 17,"8,270"
2014- 12- 18,"8,280"
2014- 12- 19,"8,150"
2014- 12- 22,"8,090"
2014- 12- 23,"8,105"
2014- 12- 24,"8,085"
2014- 12- 26,"8,075"
2014- 12- 29,"8,110"
2014- 12- 30,"8,220"
2015- 01- 02,"8,180"
2015- 01- 05,"8,190"
2015- 01- 06,"8,355"
2015- 01- 07,"8,340"
2015- 01- 08,"8,230"
2015- 01- 09,"8,135"
2015- 01- 12,"8,160"
2015- 01- 13,"8,130"
2015- 01- 14,"8,165"
2015- 01- 15,"8,145"
2015- 01- 16,"8,265"
2015- 01- 19,"8,165"
2015- 01- 20,"8,095"
2015- 01- 21,"8,080"
2015- 01- 22,"8,055"
2015- 01- 23,"8,010"
2015- 01- 26,"8,010"
2015- 01- 27,"7,960"
2015- 01- 28,"7,950"
2015- 01- 29,"7,990"
2015- 01- 30,"8,000"
2015- 02- 02,"8,010"
2015- 02- 03,"8,025"
2015- 02- 04,"7,965"
2015- 02- 05,"8,040"
2015- 02- 06,"8,025"
2015- 02- 09,"8,040"
2015- 02- 10,"8,085"
2015- 02- 11,"8,065"
2015- 02- 12,"8,100"
2015- 02- 13,"8,035"
2015- 02- 16,"8,025"
2015- 02- 17,"8,010"
2015- 02- 23,"7,995"
2015- 02- 24,"7,980"
2015- 02- 25,"7,955"
2015- 02- 26,"7,955"
2015- 02- 27,"7,985"
2015- 03- 02,"7,935"
2015- 03- 03,"7,910"
2015- 03- 04,"7,915"
2015- 03- 05,"7,905"
2015- 03- 06,"7,865"
2015- 03- 09,"7,950"
2015- 03- 10,"7,980"
2015- 03- 11,"7,975"
2015- 03- 12,"7,990"
2015- 03- 13,"7,965"
2015- 03- 16,"7,955"
2015- 03- 17,"7,780"
2015- 03- 18,"7,775"
2015- 03- 19,"7,755"
2015- 03- 20,"7,775"
2015- 03- 23,"7,775"
2015- 03- 24,"7,755"
2015- 03- 25,"7,760"
2015- 03- 26,"7,830"
2015- 03- 27,"7,845"
2015- 03- 30,"7,830"
2015- 03- 31,"7,825"
2015- 04- 01,"7,890"
2015- 04- 02,"7,875"
2015- 04- 03,"7,825"
2015- 04- 06,"7,830"
2015- 04- 07,"7,845"
2015- 04- 08,"7,785"
2015- 04- 09,"7,795"
2015- 04- 10,"7,690"
2015- 04- 13,"7,645"
2015- 04- 14,"7,595"
2015- 04- 15,"7,570"
2015- 04- 16,"7,515"
2015- 04- 17,"7,505"
2015- 04- 20,"7,520"
2015- 04- 21,"7,525"
2015- 04- 22,"7,490"
2015- 04- 23,"7,380"
2015- 04- 24,"7,425"
2015- 04- 27,"7,450"
2015- 04- 28,"7,475"
2015- 04- 29,"7,505"
2015- 04- 30,"7,540"
2015- 05- 04,"7,515"
2015- 05- 06,"7,630"
2015- 05- 07,"7,665"
2015- 05- 08,"7,695"
2015- 05- 11,"7,690"
2015- 05- 12,"7,700"
2015- 05- 13,"7,645"
2015- 05- 14,"7,635"
2015- 05- 15,"7,720"
2015- 05- 18,"7,700"
2015- 05- 19,"7,665"
2015- 05- 20,"7,595"
2015- 05- 21,"7,685"
2015- 05- 22,"7,580"
2015- 05- 25,"7,580"
2015- 05- 26,"7,600"
2015- 05- 27,"7,755"
2015- 05- 28,"7,755"
2015- 05- 29,"7,725"
2015- 06- 01,"7,780"
2015- 06- 02,"7,860"
2015- 06- 03,"7,930"
2015- 06- 04,"7,905"
2015- 06- 05,"7,915"
2015- 06- 08,"7,930"
2015- 06- 09,"7,940"
2015- 06- 10,"7,980"
2015- 06- 11,"7,960"
2015- 06- 12,"8,025"
2015- 06- 15,"8,045"
2015- 06- 16,"8,120"
2015- 06- 17,"8,105"
2015- 06- 18,"8,095"
2015- 06- 19,"8,060"
2015- 06- 21,"8,060"
2015- 06- 22,"8,030"
2015- 06- 23,"7,920"
2015- 06- 24,"7,925"
2015- 06- 25,"7,930"
2015- 06- 26,"7,925"
2015- 06- 28,"7,925"
2015- 06- 29,"8,045"
2015- 06- 30,"8,005"
2015- 07- 01,"7,910"
2015- 07- 02,"7,900"
2015- 07- 03,"7,920"
2015- 07- 05,"7,920"
2015- 07- 06,"8,120"
2015- 07- 07,"8,100"
2015- 07- 08,"8,210"
2015- 07- 09,"8,150"
2015- 07- 10,"8,145"
2015- 07- 12,"8,145"
2015- 07- 13,"8,065"
2015- 07- 14,"8,110"
2015- 07- 15,"8,085"
2015- 07- 16,"8,030"
2015- 07- 17,"8,070"
2015- 07- 19,"8,070"
2015- 07- 20,"8,085"
2015- 07- 21,"8,065"
2015- 07- 22,"8,150"
2015- 07- 23,"8,145"
2015- 07- 24,"8,245"
2015- 07- 26,"8,245"
2015- 07- 27,"8,225"
2015- 07- 28,"8,215"
2015- 07- 29,"8,185"
2015- 07- 30,"8,260"
2015- 07- 31,"8,285"
2015- 08- 02,"8,285"
2015- 08- 03,"8,335"
2015- 08- 04,"8,290"
2015- 08- 05,"8,290"
2015- 08- 06,"8,385"
2015- 08- 07,"8,400"
2015- 08- 10,"8,420"
2015- 08- 11,"8,465"
2015- 08- 12,"8,520"
2015- 08- 13,"8,470"
2015- 08- 16,"8,470"
2015- 08- 17,"8,545"
2015- 08- 18,"8,555"
2015- 08- 19,"8,625"
2015- 08- 20,"8,725"
2015- 08- 21,"8,865"
2015- 08- 23,"8,865"
2015- 08- 24,"9,095"
2015- 08- 25,"9,050"
2015- 08- 26,"8,860"
2015- 08- 27,"8,830"
2015- 08- 28,"8,705"
2015- 08- 30,"8,705"
2015- 08- 31,"8,725"
2015- 09- 01,"8,865"
2015- 09- 02,"8,795"
2015- 09- 03,"8,775"
2015- 09- 04,"8,870"
2015- 09- 07,"8,870"
2015- 09- 08,"8,835"
2015- 09- 09,"8,570"
2015- 09- 10,"8,545"
2015- 09- 11,"8,620"
2015- 09- 13,"8,620"
2015- 09- 14,"8,665"
2015- 09- 15,"8,640"
2015- 09- 16,"8,440"
2015- 09- 17,"8,415"
2015- 09- 18,"8,355"
2015- 09- 21,"8,500"
2015- 09- 22,"8,450"
2015- 09- 23,"8,580"
2015- 09- 24,"8,580"
2015- 09- 25,"8,580"
2015- 09- 29,"8,580"
2015- 09- 30,"8,520"
2015- 10- 01,"8,425"
2015- 10- 02,"8,475"
2015- 10- 05,"8,470"
2015- 10- 06,"8,390"
2015- 10- 07,"8,280"
2015- 10- 08,"8,215"
2015- 10- 11,"8,215"
2015- 10- 12,"8,150"
2015- 10- 13,"8,170"
2015- 10- 14,"8,210"
2015- 10- 15,"8,100"
2015- 10- 16,"8,115"
2015- 10- 18,"8,115"
2015- 10- 19,"8,130"
2015- 10- 20,"8,100"
2015- 10- 21,"8,070"
2015- 10- 22,"8,120"
2015- 10- 23,"8,055"
2015- 10- 26,"8,030"
2015- 10- 27,"8,040"
2015- 10- 28,"8,045"
2015- 10- 29,"8,060"
2015- 10- 30,"8,035"
2015- 11- 01,"8,035"
2015- 11- 02,"8,045"
2015- 11- 03,"7,965"
2015- 11- 04,"7,965"
2015- 11- 05,"7,970"
2015- 11- 06,"8,030"
2015- 11- 09,"8,065"
2015- 11- 10,"8,180"
2015- 11- 11,"8,185"
2015- 11- 12,"8,185"
2015- 11- 13,"8,285"
2015- 11- 16,"8,395"
2015- 11- 17,"8,310"
2015- 11- 18,"8,340"
2015- 11- 19,"8,215"
2015- 11- 20,"8,210"
2015- 11- 22,"8,210"
2015- 11- 23,"8,160"
2015- 11- 24,"8,135"
2015- 11- 25,"8,140"
2015- 11- 26,"8,040"
2015- 11- 27,"8,055"
2015- 11- 30,"8,215"
2015- 12- 01,"8,085"
2015- 12- 02,"8,135"
2015- 12- 03,"8,210"
2015- 12- 04,"8,295"
2015- 12- 06,"8,295"
2015- 12- 07,"8,335"
2015- 12- 08,"8,370"
2015- 12- 09,"8,365"
2015- 12- 10,"8,320"
2015- 12- 11,"8,345"
2015- 12- 13,"8,345"
2015- 12- 14,"8,405"
2015- 12- 15,"8,385"
2015- 12- 16,"8,215"
2015- 12- 17,"8,225"
2015- 12- 18,"8,230"
2015- 12- 20,"8,230"
2015- 12- 21,"8,210"
2015- 12- 22,"8,190"
2015- 12- 23,"8,125"
2015- 12- 24,"8,160"
2015- 12- 27,"8,160"
2015- 12- 28,"8,270"
2015- 12- 29,"8,210"
2015- 12- 30,"8,240"
2016- 01- 04,"8,440"
2016- 01- 05,"8,395"
2016- 01- 06,"8,440"
2016- 01- 07,"8,535"
2016- 01- 08,"8,465"
2016- 01- 10,"8,465"
2016- 01- 11,"8,560"
2016- 01- 12,"8,595"
2016- 01- 13,"8,470"
2016- 01- 14,"8,555"
2016- 01- 15,"8,650"
2016- 01- 18,"8,655"
2016- 01- 19,"8,610"
2016- 01- 20,"8,810"
2016- 01- 21,"8,820"
2016- 01- 22,"8,615"
2016- 01- 24,"8,615"
2016- 01- 25,"8,585"
2016- 01- 26,"8,690"
2016- 01- 27,"8,585"
2016- 01- 28,"8,560"
2016- 01- 29,"8,535"
2016- 01- 31,"8,535"
2016- 02- 01,"8,495"
2016- 02- 02,"8,540"
2016- 02- 03,"8,645"
2016- 02- 04,"8,480"
2016- 02- 05,"8,460"
2016- 02- 11,"8,690"
2016- 02- 12,"8,765"
2016- 02- 14,"8,765"
2016- 02- 15,"8,645"
2016- 02- 16,"8,520"
2016- 02- 17,"8,515"
2016- 02- 18,"8,435"
2016- 02- 19,"8,425"
2016- 02- 21,"8,425"
2016- 02- 22,"8,400"
2016- 02- 23,"8,410"
2016- 02- 24,"8,410"
2016- 02- 25,"8,400"
2016- 02- 26,"8,395"
2016- 02- 28,"8,395"
2016- 02- 29,"8,410"
2016- 03- 01,"8,410"
2016- 03- 02,"8,275"
2016- 03- 03,"8,260"
2016- 03- 04,"8,250"
2016- 03- 06,"8,250"
2016- 03- 07,"8,230"
2016- 03- 08,"8,295"
2016- 03- 09,"8,260"
2016- 03- 10,"8,200"
2016- 03- 11,"8,175"
2016- 03- 13,"8,175"
2016- 03- 14,"8,175"
2016- 03- 15,"8,185"
2016- 03- 16,"8,160"
2016- 03- 17,"8,125"
2016- 03- 18,"8,110"
2016- 03- 20,"8,110"
2016- 03- 21,"8,115"
2016- 03- 22,"8,085"
2016- 03- 23,"8,090"
2016- 03- 24,"8,105"
2016- 03- 25,"8,115"
2016- 03- 27,"8,115"
2016- 03- 28,"8,105"
2016- 03- 29,"8,065"
2016- 03- 30,"8,030"
2016- 03- 31,"8,075"
2016- 04- 01,"8,170"
2016- 04- 03,"8,170"
2016- 04- 04,"8,155"
2016- 04- 05,"8,220"
2016- 04- 06,"8,185"
2016- 04- 07,"8,185"
2016- 04- 08,"8,200"
2016- 04- 10,"8,200"
2016- 04- 11,"8,190"
2016- 04- 12,"8,135"
2016- 04- 13,"8,135"
2016- 04- 14,"8,015"
2016- 04- 15,"7,995"
2016- 04- 17,"7,995"
2016- 04- 18,"8,015"
2016- 04- 19,"8,000"
2016- 04- 20,"8,030"
2016- 04- 21,"7,965"
2016- 04- 22,"7,995"
2016- 04- 24,"7,995"
2016- 04- 25,"8,010"
2016- 04- 26,"7,975"
2016- 04- 27,"7,980"
2016- 04- 28,"8,060"
2016- 04- 29,"8,095"
2016- 05- 01,"8,095"
2016- 05- 02,"8,140"
2016- 05- 03,"8,120"
2016- 05- 04,"8,170"
2016- 05- 08,"8,170"
2016- 05- 09,"8,180"
2016- 05- 10,"8,145"
2016- 05- 11,"8,160"
2016- 05- 12,"8,175"
2016- 05- 13,"8,240"
2016- 05- 16,"8,235"
2016- 05- 17,"8,235"
2016- 05- 18,"8,295"
2016- 05- 19,"8,310"
2016- 05- 20,"8,305"
2016- 05- 23,"8,285"
2016- 05- 24,"8,345"
2016- 05- 25,"8,230"
2016- 05- 26,"8,235"
2016- 05- 27,"8,205"
2016- 05- 29,"8,205"
2016- 05- 30,"8,220"
2016- 05- 31,"8,160"
2016- 06- 01,"8,155"
2016- 06- 02,"8,140"
2016- 06- 03,"8,130"
2016- 06- 07,"8,035"
2016- 06- 08,"7,995"
2016- 06- 09,"8,015"
2016- 06- 10,"8,010"
2016- 06- 12,"8,010"
2016- 06- 13,"8,145"
2016- 06- 14,"8,160"
2016- 06- 15,"8,170"
2016- 06- 16,"8,230"
2016- 06- 17,"8,205"
2016- 06- 19,"8,205"
2016- 06- 20,"8,095"
2016- 06- 21,"8,095"
2016- 06- 22,"8,050"
2016- 06- 23,"8,050"
2016- 06- 24,"8,305"
2016- 06- 26,"8,305"
2016- 06- 27,"8,285"
2016- 06- 28,"8,250"
2016- 06- 29,"8,170"
2016- 06- 30,"8,145"
2016- 07- 01,"8,050"
2016- 07- 03,"8,050"
2016- 07- 04,"8,025"
2016- 07- 05,"8,045"
2016- 07- 06,"8,195"
2016- 07- 07,"8,105"
2016- 07- 08,"8,145"
2016- 07- 10,"8,145"
2016- 07- 11,"8,035"
2016- 07- 12,"8,045"
2016- 07- 13,"8,000"
2016- 07- 14,"7,985"
2016- 07- 15,"7,950"
2016- 07- 17,"7,950"
2016- 07- 18,"7,925"
2016- 07- 19,"7,940"
2016- 07- 20,"7,945"
2016- 07- 21,"7,935"
2016- 07- 22,"7,940"
2016- 07- 24,"7,940"
2016- 07- 25,"7,940"
2016- 07- 26,"7,865"
2016- 07- 27,"7,870"
2016- 07- 28,"7,890"
2016- 07- 29,"7,895"
2016- 07- 31,"7,895"
2016- 08- 01,"7,835"
2016- 08- 02,"7,890"
2016- 08- 03,"7,975"
2016- 08- 04,"7,965"
2016- 08- 05,"7,885"
2016- 08- 07,"7,885"
2016- 08- 08,"7,835"
2016- 08- 09,"7,780"
2016- 08- 10,"7,800"
2016- 08- 11,"7,790"
2016- 08- 12,"7,770"
2016- 08- 15,"7,770"
2016- 08- 16,"7,765"
2016- 08- 17,"7,785"
2016- 08- 18,"7,725"
2016- 08- 19,"7,700"
2016- 08- 21,"7,700"
2016- 08- 22,"7,745"
2016- 08- 23,"7,710"
2016- 08- 24,"7,745"
2016- 08- 25,"7,730"
2016- 08- 26,"7,750"
2016- 08- 29,"7,755"
2016- 08- 30,"7,725"
2016- 08- 31,"7,755"
2016- 09- 01,"7,770"
2016- 09- 02,"7,750"
2016- 09- 04,"7,750"
2016- 09- 05,"7,665"
2016- 09- 06,"7,635"
2016- 09- 07,"7,645"
2016- 09- 08,"7,640"
2016- 09- 09,"7,730"
2016- 09- 11,"7,730"
2016- 09- 12,"7,910"
2016- 09- 13,"7,885"
2016- 09- 18,"7,885"
2016- 09- 19,"7,810"
2016- 09- 20,"7,800"
2016- 09- 21,"7,750"
2016- 09- 22,"7,685"
2016- 09- 23,"7,690"
2016- 09- 25,"7,690"
2016- 09- 26,"7,720"
2016- 09- 27,"7,660"
2016- 09- 28,"7,690"
2016- 09- 29,"7,625"
2016- 09- 30,"7,715"
2016- 10- 03,"7,715"
2016- 10- 04,"7,665"
2016- 10- 05,"7,670"
2016- 10- 06,"7,630"
2016- 10- 07,"7,650"
2016- 10- 10,"7,635"
2016- 10- 11,"7,750"
2016- 10- 12,"7,750"
2016- 10- 13,"7,825"
2016- 10- 14,"7,780"
2016- 10- 16,"7,780"
2016- 10- 17,"7,770"
2016- 10- 18,"7,720"
2016- 10- 19,"7,710"
2016- 10- 20,"7,700"
2016- 10- 21,"7,740"
2016- 10- 23,"7,740"
2016- 10- 24,"7,685"
2016- 10- 25,"7,700"
2016- 10- 26,"7,790"
2016- 10- 27,"7,750"
2016- 10- 28,"7,745"
2016- 10- 30,"7,745"
2016- 10- 31,"7,770"
2016- 11- 01,"7,770"
2016- 11- 02,"7,870"
2016- 11- 03,"7,845"
2016- 11- 04,"7,870"
2016- 11- 06,"7,870"
2016- 11- 07,"7,795"
2016- 11- 08,"7,785"
2016- 11- 09,"7,935"
2016- 11- 10,"7,785"
2016- 11- 11,"7,855"
2016- 11- 13,"7,855"
2016- 11- 14,"7,915"
2016- 11- 15,"7,950"
2016- 11- 16,"7,920"
2016- 11- 17,"7,920"
2016- 11- 18,"7,920"
2016- 11- 21,"7,945"
2016- 11- 22,"7,850"
2016- 11- 23,"7,825"
2016- 11- 24,"7,860"
2016- 11- 25,"7,860"
2016- 11- 27,"7,860"
2016- 11- 28,"7,835"
2016- 11- 29,"7,840"
2016- 11- 30,"7,800"
2016- 12- 01,"7,800"
2016- 12- 02,"7,855"
2016- 12- 04,"7,855"
2016- 12- 05,"7,860"
2016- 12- 06,"7,770"
2016- 12- 07,"7,755"
2016- 12- 08,"7,635"
2016- 12- 09,"7,615"
2016- 12- 11,"7,615"
2016- 12- 12,"7,630"
2016- 12- 13,"7,610"
2016- 12- 14,"7,605"
2016- 12- 15,"7,600"
2016- 12- 16,"7,585"
2016- 12- 18,"7,585"
2016- 12- 19,"7,585"
2016- 12- 20,"7,570"
2016- 12- 21,"7,575"
2016- 12- 22,"7,585"
2016- 12- 23,"7,590"
2016- 12- 25,"7,590"
2016- 12- 26,"7,585"
2016- 12- 27,"7,580"
2016- 12- 28,"7,550"
2016- 12- 29,"7,540"
2017- 01- 01,"7,540"
2017- 01- 02,"7,525"
2017- 01- 03,"7,465"
2017- 01- 04,"7,460"
2017- 01- 05,"7,490"
2017- 01- 06,"7,455"
2017- 01- 08,"7,455"
2017- 01- 09,"7,440"
2017- 01- 10,"7,455"
2017- 01- 11,"7,305"
2017- 01- 12,"7,305"
2017- 01- 13,"7,310"
2017- 01- 15,"7,310"
2017- 01- 16,"7,350"
2017- 01- 17,"7,325"
2017- 01- 18,"7,330"
2017- 01- 19,"7,320"
2017- 01- 20,"7,335"
2017- 01- 22,"7,335"
2017- 01- 23,"7,340"
2017- 01- 24,"7,340"
2017- 01- 25,"7,315"
2017- 01- 26,"7,255"
2017- 01- 30,"7,255"
2017- 01- 31,"7,295"
2017- 02- 01,"7,270"
2017- 02- 02,"7,310"
2017- 02- 03,"7,295"
2017- 02- 05,"7,295"
2017- 02- 06,"7,280"
2017- 02- 07,"7,295"
2017- 02- 08,"7,330"
2017- 02- 09,"7,320"
2017- 02- 10,"7,305"
2017- 02- 12,"7,305"
2017- 02- 13,"7,305"
2017- 02- 14,"7,325"
2017- 02- 15,"7,300"
2017- 02- 16,"7,305"
2017- 02- 17,"7,305"
2017- 02- 20,"7,280"
2017- 02- 21,"7,215"
2017- 02- 22,"7,195"
2017- 02- 23,"7,195"
2017- 02- 24,"7,255"
2017- 02- 26,"7,255"
2017- 02- 27,"7,280"
2017- 02- 28,"7,275"
2017- 03- 01,"7,275"
2017- 03- 02,"7,210"
2017- 03- 03,"7,280"
2017- 03- 05,"7,280"
2017- 03- 06,"7,265"
2017- 03- 07,"7,225"
2017- 03- 08,"7,215"
2017- 03- 09,"7,235"
2017- 03- 10,"7,225"
2017- 03- 12,"7,225"
2017- 03- 13,"7,140"
2017- 03- 14,"7,080"
2017- 03- 15,"7,065"
2017- 03- 16,"7,015"
2017- 03- 17,"6,985"
2017- 03- 19,"6,985"
2017- 03- 20,"6,995"
2017- 03- 21,"6,935"
2017- 03- 22,"6,960"
2017- 03- 23,"6,960"
2017- 03- 24,"6,960"
2017- 03- 26,"6,960"
2017- 03- 27,"7,015"
2017- 03- 28,"6,990"
2017- 03- 29,"6,975"
2017- 03- 30,"6,975"
2017- 03- 31,"6,995"
2017- 04- 02,"6,995"
2017- 04- 03,"6,975"
2017- 04- 04,"6,990"
2017- 04- 05,"7,010"
2017- 04- 06,"7,040"
2017- 04- 07,"7,045"
2017- 04- 09,"7,045"
2017- 04- 10,"7,095"
2017- 04- 11,"7,120"
2017- 04- 12,"7,115"
2017- 04- 13,"7,045"
2017- 04- 14,"7,070"
2017- 04- 16,"7,070"
2017- 04- 17,"7,060"
2017- 04- 18,"7,070"
2017- 04- 19,"7,095"
2017- 04- 20,"7,075"
2017- 04- 21,"7,010"
2017- 04- 23,"7,010"
2017- 04- 24,"6,975"
2017- 04- 25,"6,900"
2017- 04- 26,"6,860"
2017- 04- 27,"6,840"
2017- 04- 28,"6,835"
2017- 05- 01,"6,835"
2017- 05- 02,"6,785"
2017- 05- 03,"6,785"
2017- 05- 04,"6,720"
2017- 05- 07,"6,720"
2017- 05- 08,"6,550"
2017- 05- 09,"6,550"
2017- 05- 10,"6,620"
2017- 05- 11,"6,550"
2017- 05- 12,"6,580"
2017- 05- 14,"6,580"
2017- 05- 15,"6,560"
2017- 05- 16,"6,555"
2017- 05- 17,"6,560"
2017- 05- 18,"6,575"
2017- 05- 19,"6,585"
2017- 05- 21,"6,585"
2017- 05- 22,"6,540"
2017- 05- 23,"6,515"
2017- 05- 24,"6,505"
2017- 05- 25,"6,430"
2017- 05- 26,"6,390"
2017- 05- 28,"6,390"
2017- 05- 29,"6,400"
2017- 05- 30,"6,440"
2017- 05- 31,"6,440"
2017- 06- 01,"6,455"
2017- 06- 02,"6,380"
2017- 06- 04,"6,380"
2017- 06- 05,"6,390"
2017- 06- 07,"6,425"
2017- 06- 08,"6,400"
2017- 06- 09,"6,355"
2017- 06- 11,"6,355"
2017- 06- 12,"6,415"
2017- 06- 13,"6,375"
2017- 06- 14,"6,380"
2017- 06- 15,"6,405"
2017- 06- 16,"6,405"
2017- 06- 18,"6,405"
2017- 06- 19,"6,370"
2017- 06- 20,"6,360"
2017- 06- 21,"6,390"
2017- 06- 22,"6,355"
2017- 06- 23,"6,330"
2017- 06- 25,"6,330"
2017- 06- 26,"6,300"
2017- 06- 27,"6,295"
2017- 06- 28,"6,315"
2017- 06- 29,"6,275"
2017- 06- 30,"6,295"
2017- 07- 02,"6,295"
2017- 07- 03,"6,285"
2017- 07- 04,"6,325"
2017- 07- 05,"6,295"
2017- 07- 06,"6,300"
2017- 07- 07,"6,320"
2017- 07- 09,"6,320"
2017- 07- 10,"6,300"
2017- 07- 11,"6,260"
2017- 07- 12,"6,265"
2017- 07- 13,"6,195"
2017- 07- 14,"6,185"
2017- 07- 17,"6,160"
2017- 07- 18,"6,160"
2017- 07- 19,"6,160"
2017- 07- 20,"6,130"
2017- 07- 21,"6,100"
2017- 07- 23,"6,100"
2017- 07- 24,"6,100"
2017- 07- 25,"6,135"
2017- 07- 26,"6,145"
2017- 07- 27,"6,130"
2017- 07- 28,"6,250"
2017- 07- 30,"6,250"
2017- 07- 31,"6,245"
2017- 08- 01,"6,190"
2017- 08- 02,"6,175"
2017- 08- 03,"6,280"
2017- 08- 04,"6,250"
2017- 08- 06,"6,250"
2017- 08- 07,"6,250"
2017- 08- 08,"6,260"
2017- 08- 09,"6,340"
2017- 08- 10,"6,365"
2017- 08- 11,"6,475"
2017- 08- 13,"6,475"
2017- 08- 14,"6,425"
2017- 08- 15,"6,425"
2017- 08- 16,"6,385"
2017- 08- 17,"6,345"
2017- 08- 18,"6,355"
2017- 08- 20,"6,355"
2017- 08- 21,"6,365"
2017- 08- 22,"6,340"
2017- 08- 23,"6,340"
2017- 08- 24,"6,310"
2017- 08- 25,"6,305"
2017- 08- 27,"6,305"
2017- 08- 28,"6,345"
2017- 08- 29,"6,360"
2017- 08- 30,"6,335"
2017- 08- 31,"6,375"
2017- 09- 01,"6,380"
2017- 09- 04,"6,445"
2017- 09- 05,"6,450"
2017- 09- 06,"6,470"
2017- 09- 07,"6,390"
2017- 09- 08,"6,385"
2017- 09- 10,"6,385"
2017- 09- 11,"6,325"
2017- 09- 12,"6,320"
2017- 09- 13,"6,320"
2017- 09- 14,"6,280"
2017- 09- 15,"6,250"
2017- 09- 17,"6,250"
2017- 09- 18,"6,145"
2017- 09- 19,"6,150"
2017- 09- 20,"6,155"
2017- 09- 21,"6,150"
2017- 09- 22,"6,205"
2017- 09- 24,"6,205"
2017- 09- 25,"6,205"
2017- 09- 26,"6,235"
2017- 09- 27,"6,240"
2017- 09- 28,"6,240"
2017- 09- 29,"6,200"
2017- 10- 09,"6,200"
2017- 10- 10,"6,080"
2017- 10- 11,"6,020"
2017- 10- 12,"5,980"
2017- 10- 13,"5,985"
2017- 10- 15,"5,985"
2017- 10- 16,"5,975"
2017- 10- 17,"5,970"
2017- 10- 18,"5,975"
2017- 10- 19,"6,005"
2017- 10- 20,"5,965"
2017- 10- 22,"5,965"
2017- 10- 23,"5,950"
2017- 10- 24,"5,955"
2017- 10- 25,"5,950"
2017- 10- 26,"6,000"
2017- 10- 27,"5,955"
2017- 10- 29,"5,955"
2017- 10- 30,"5,940"
2017- 10- 31,"5,875"
2017- 11- 01,"5,785"
2017- 11- 02,"5,800"
2017- 11- 03,"5,790"
2017- 11- 05,"5,790"
2017- 11- 06,"5,815"
2017- 11- 07,"5,815"
2017- 11- 08,"5,795"
2017- 11- 09,"5,815"
2017- 11- 10,"5,835"
2017- 11- 12,"5,835"
2017- 11- 13,"5,860"
2017- 11- 14,"5,865"
2017- 11- 15,"5,890"
2017- 11- 16,"5,860"
2017- 11- 17,"5,860"
2017- 11- 19,"5,860"
2017- 11- 20,"5,890"
2017- 11- 21,"5,870"
2017- 11- 22,"5,840"
2017- 11- 23,"5,850"
2017- 11- 24,"5,840"
2017- 11- 26,"5,840"
2017- 11- 27,"5,940"
2017- 11- 28,"5,920"
2017- 11- 29,"5,925"
2017- 11- 30,"6,025"
2017- 12- 01,"6,020"
2017- 12- 03,"6,020"
2017- 12- 04,"5,970"
2017- 12- 05,"5,950"
2017- 12- 06,"6,035"
2017- 12- 07,"6,045"
2017- 12- 08,"6,035"
2017- 12- 10,"6,035"
2017- 12- 11,"6,025"
2017- 12- 12,"6,035"
2017- 12- 13,"6,000"
2017- 12- 14,"5,975"
2017- 12- 15,"6,000"
2017- 12- 17,"6,000"
2017- 12- 18,"6,005"
2017- 12- 19,"6,000"
2017- 12- 20,"6,000"
2017- 12- 21,"6,115"
2017- 12- 22,"6,085"
2017- 12- 25,"6,085"
2017- 12- 26,"6,105"
2017- 12- 27,"6,045"
2017- 12- 28,"5,965"
2018- 01- 01,"5,965"
2018- 01- 02,"5,940"
2018- 01- 03,"5,925"
2018- 01- 04,"5,975"
2018- 01- 05,"5,900"
2018- 01- 08,"5,855"
2018- 01- 09,"5,875"
2018- 01- 10,"5,925"
2018- 01- 11,"5,945"
2018- 01- 12,"5,935"
2018- 01- 15,"5,915"
2018- 01- 16,"5,875"
2018- 01- 17,"5,885"
2018- 01- 18,"5,895"
2018- 01- 19,"5,885"
2018- 01- 21,"5,885"
2018- 01- 22,"5,950"
2018- 01- 23,"5,870"
2018- 01- 24,"5,870"
2018- 01- 25,"5,820"
2018- 01- 26,"5,800"
2018- 01- 29,"5,750"
2018- 01- 30,"5,825"
2018- 01- 31,"5,820"
2018- 02- 01,"5,825"
2018- 02- 02,"5,940"
2018- 02- 05,"6,005"
2018- 02- 06,"6,095"
2018- 02- 07,"6,240"
2018- 02- 08,"6,180"
2018- 02- 09,"6,345"
2018- 02- 11,"6,345"
2018- 02- 12,"6,275"
2018- 02- 13,"6,225"
2018- 02- 14,"6,155"
2018- 02- 18,"6,155"
2018- 02- 19,"6,125"
2018- 02- 20,"6,210"
2018- 02- 21,"6,165"
2018- 02- 22,"6,205"
2018- 02- 23,"6,115"
2018- 02- 25,"6,115"
2018- 02- 26,"6,110"
2018- 02- 27,"6,125"
2018- 02- 28,"6,190"
2018- 03- 02,"6,275"
2018- 03- 04,"6,275"
2018- 03- 05,"6,360"
2018- 03- 06,"6,225"
2018- 03- 07,"6,235"
2018- 03- 08,"6,155"
2018- 03- 09,"6,105"
2018- 03- 11,"6,105"
2018- 03- 12,"6,035"
2018- 03- 13,"6,010"
2018- 03- 14,"6,015"
2018- 03- 15,"5,995"
2018- 03- 16,"6,010"
2018- 03- 18,"6,010"
2018- 03- 19,"6,060"
2018- 03- 20,"6,030"
2018- 03- 21,"6,025"
2018- 03- 22,"6,005"
2018- 03- 23,"6,210"
2018- 03- 25,"6,210"
2018- 03- 26,"6,155"
2018- 03- 27,"6,130"
2018- 03- 28,"6,210"
2018- 03- 29,"6,150"
2018- 03- 30,"6,135"
2018- 04- 01,"6,135"
2018- 04- 02,"6,160"
2018- 04- 03,"6,170"
2018- 04- 04,"6,275"
2018- 04- 05,"6,175"
2018- 04- 06,"6,210"
2018- 04- 08,"6,210"
2018- 04- 09,"6,170"
2018- 04- 10,"6,160"
2018- 04- 11,"6,185"
2018- 04- 12,"6,185"
2018- 04- 13,"6,145"
2018- 04- 15,"6,145"
2018- 04- 16,"6,140"
2018- 04- 17,"6,145"
2018- 04- 18,"6,075"
2018- 04- 19,"6,050"
2018- 04- 20,"6,095"
2018- 04- 22,"6,095"
2018- 04- 23,"6,090"
2018- 04- 24,"6,130"
2018- 04- 25,"6,165"
2018- 04- 26,"6,085"
2018- 04- 27,"6,030"
2018- 04- 29,"6,030"
2018- 04- 30,"6,000"
2018- 05- 02,"6,035"
2018- 05- 03,"6,060"
2018- 05- 04,"6,110"
2018- 05- 07,"6,110"
2018- 05- 08,"6,140"
2018- 05- 09,"6,150"
2018- 05- 10,"6,115"
2018- 05- 11,"6,075"
2018- 05- 14,"6,090"
2018- 05- 15,"6,145"
2018- 05- 16,"6,120"
2018- 05- 17,"6,170"
2018- 05- 18,"6,135"
2018- 05- 20,"6,135"
2018- 05- 21,"6,135"
2018- 05- 22,"6,135"
2018- 05- 23,"6,090"
2018- 05- 24,"6,115"
2018- 05- 25,"6,095"
2018- 05- 27,"6,095"
2018- 05- 28,"6,065"
2018- 05- 29,"6,130"
2018- 05- 30,"6,260"
2018- 05- 31,"6,230"
2018- 06- 01,"6,190"
2018- 06- 03,"6,190"
2018- 06- 04,"6,155"
2018- 06- 05,"6,140"
2018- 06- 06,"6,140"
2018- 06- 07,"6,095"
2018- 06- 08,"6,150"
2018- 06- 10,"6,150"
2018- 06- 11,"6,100"
2018- 06- 12,"6,110"
2018- 06- 14,"6,220"
2018- 06- 15,"6,255"
2018- 06- 17,"6,255"
2018- 06- 18,"6,320"
2018- 06- 19,"6,415"
2018- 06- 20,"6,355"
2018- 06- 21,"6,425"
2018- 06- 22,"6,365"
2018- 06- 24,"6,365"
2018- 06- 25,"6,365"
2018- 06- 26,"6,375"
2018- 06- 27,"6,400"
2018- 06- 28,"6,460"
2018- 06- 29,"6,445"
2018- 07- 01,"6,445"
2018- 07- 02,"6,585"
2018- 07- 03,"6,575"
2018- 07- 04,"6,590"
2018- 07- 05,"6,615"
2018- 07- 06,"6,565"
2018- 07- 08,"6,565"
2018- 07- 09,"6,520"
2018- 07- 10,"6,515"
2018- 07- 11,"6,545"
2018- 07- 12,"6,525"
2018- 07- 13,"6,455"
2018- 07- 15,"6,455"
2018- 07- 16,"6,485"
2018- 07- 17,"6,485"
2018- 07- 18,"6,505"
2018- 07- 19,"6,520"
2018- 07- 20,"6,490"
2018- 07- 22,"6,490"
2018- 07- 23,"6,535"
2018- 07- 24,"6,525"
2018- 07- 25,"6,530"
2018- 07- 26,"6,500"
2018- 07- 27,"6,470"
2018- 07- 29,"6,470"
2018- 07- 30,"6,495"
2018- 07- 31,"6,480"
2018- 08- 01,"6,455"
2018- 08- 02,"6,570"
2018- 08- 03,"6,520"
2018- 08- 05,"6,520"
2018- 08- 06,"6,525"
2018- 08- 07,"6,490"
2018- 08- 08,"6,490"
2018- 08- 09,"6,490"
2018- 08- 10,"6,565"
2018- 08- 12,"6,565"
2018- 08- 13,"6,645"
2018- 08- 14,"6,620"
2018- 08- 15,"6,620"
2018- 08- 16,"6,680"
2018- 08- 17,"6,680"
2018- 08- 19,"6,680"
2018- 08- 20,"6,675"
2018- 08- 21,"6,605"
2018- 08- 22,"6,585"
2018- 08- 23,"6,555"
2018- 08- 24,"6,530"
2018- 08- 26,"6,530"
2018- 08- 27,"6,495"
2018- 08- 28,"6,490"
2018- 08- 29,"6,470"
2018- 08- 30,"6,475"
2018- 08- 31,"6,445"
2018- 09- 02,"6,445"
2018- 09- 03,"6,485"
2018- 09- 04,"6,450"
2018- 09- 05,"6,545"
2018- 09- 06,"6,560"
2018- 09- 07,"6,580"
2018- 09- 10,"6,585"
2018- 09- 11,"6,590"
2018- 09- 12,"6,590"
2018- 09- 13,"6,590"
2018- 09- 14,"6,485"
2018- 09- 17,"6,530"
2018- 09- 18,"6,500"
2018- 09- 19,"6,505"
2018- 09- 20,"6,445"
2018- 09- 21,"6,415"
2018- 09- 27,"6,370"
2018- 09- 28,"6,405"
2018- 09- 30,"6,405"
2018- 10- 01,"6,410"
2018- 10- 02,"6,490"
2018- 10- 03,"6,490"
2018- 10- 04,"6,595"
2018- 10- 05,"6,600"
2018- 10- 07,"6,600"
2018- 10- 08,"6,630"
2018- 10- 09,"6,630"
2018- 10- 10,"6,675"
2018- 10- 11,"6,940"
2018- 10- 12,"6,880"
2018- 10- 14,"6,880"
2018- 10- 15,"6,930"
2018- 10- 16,"6,950"
2018- 10- 17,"6,850"
2018- 10- 18,"6,915"
2018- 10- 19,"6,890"
2018- 10- 22,"6,875"
2018- 10- 23,"7,075"
2018- 10- 24,"7,100"
2018- 10- 25,"7,205"
2018- 10- 26,"7,325"
2018- 10- 29,"7,380"
2018- 10- 30,"7,325"
2018- 10- 31,"7,300"
2018- 11- 01,"7,335"
2018- 11- 02,"7,060"
2018- 11- 05,"7,115"
2018- 11- 06,"7,075"
2018- 11- 07,"7,115"
2018- 11- 08,"7,055"
2018- 11- 09,"7,095"
2018- 11- 12,"7,080"
2018- 11- 13,"7,135"
2018- 11- 14,"7,150"
2018- 11- 15,"7,080"
2018- 11- 16,"7,090"
2018- 11- 19,"7,060"
2018- 11- 20,"7,130"
2018- 11- 21,"7,165"
2018- 11- 22,"7,175"
2018- 11- 23,"7,235"
2018- 11- 26,"7,130"
2018- 11- 27,"7,085"
2018- 11- 28,"7,040"
2018- 11- 29,"7,025"
2018- 11- 30,"7,090"
2018- 12- 03,"6,965"
2018- 12- 04,"7,050"
2018- 12- 05,"7,085"
2018- 12- 06,"7,190"
2018- 12- 07,"7,165"
2018- 12- 10,"7,235"
2018- 12- 11,"7,245"
2018- 12- 12,"7,145"
2018- 12- 13,"7,120"
2018- 12- 14,"7,240"
2018- 12- 17,"7,210"
2018- 12- 18,"7,240"
2018- 12- 19,"7,190"
2018- 12- 20,"7,270"
2018- 12- 21,"7,270"
2018- 12- 24,"7,265"
2018- 12- 26,"7,375"
2018- 12- 27,"7,280"
2018- 12- 28,"7,240"
2019- 01- 02,"7,325"
2019- 01- 03,"7,415"
2019- 01- 04,"7,345"
2019- 01- 07,"7,240"
2019- 01- 08,"7,290"
2019- 01- 09,"7,145"
2019- 01- 10,"7,145"
2019- 01- 11,"7,095"
2019- 01- 14,"7,165"
2019- 01- 15,"7,015"
2019- 01- 16,"6,990"
2019- 01- 17,"6,980"
2019- 01- 18,"6,920"
2019- 01- 21,"6,920"
2019- 01- 22,"6,955"
2019- 01- 23,"6,910"
2019- 01- 24,"6,860"
2019- 01- 25,"6,725"
2019- 01- 28,"6,735"
2019- 01- 29,"6,715"
2019- 01- 30,"6,635"
2019- 01- 31,"6,645"
2019- 02- 01,"6,665"
2019- 02- 07,"6,655"
2019- 02- 08,"6,750"
2019- 02- 11,"6,740"
2019- 02- 12,"6,700"
2019- 02- 13,"6,670"
2019- 02- 14,"6,610"
2019- 02- 15,"6,695"
2019- 02- 18,"6,640"
2019- 02- 19,"6,670"
2019- 02- 20,"6,595"
2019- 02- 21,"6,595"
2019- 02- 22,"6,590"
2019- 02- 25,"6,580"
2019- 02- 26,"6,600"
2019- 02- 27,"6,580"
2019- 02- 28,"6,695"
2019- 03- 04,"6,725"
2019- 03- 05,"6,780"
2019- 03- 06,"6,800"
2019- 03- 07,"6,820"
2019- 03- 08,"6,915"
2019- 03- 11,"6,905"
2019- 03- 12,"6,835"
2019- 03- 13,"6,885"
2019- 03- 14,"6,870"
2019- 03- 15,"6,795"
2019- 03- 18,"6,790"
2019- 03- 19,"6,795"
2019- 03- 20,"6,790"
2019- 03- 21,"6,740"
2019- 03- 22,"6,725"
2019- 03- 25,"6,870"
2019- 03- 26,"6,865"
2019- 03- 27,"6,855"
2019- 03- 28,"6,910"
2019- 03- 29,"6,870"
2019- 04- 01,"6,770"
2019- 04- 02,"6,750"
2019- 04- 03,"6,640"
2019- 04- 04,"6,630"
2019- 04- 05,"6,615"
2019- 04- 08,"6,640"
2019- 04- 09,"6,625"
2019- 04- 10,"6,595"
2019- 04- 11,"6,615"
2019- 04- 12,"6,590"
2019- 04- 15,"6,565"
2019- 04- 16,"6,545"
2019- 04- 17,"6,545"
2019- 04- 18,"6,650"
2019- 04- 19,"6,645"
2019- 04- 22,"6,650"
2019- 04- 23,"6,635"
2019- 04- 24,"6,715"
2019- 04- 25,"6,720"
2019- 04- 26,"6,760"
2019- 04- 29,"6,630"
2019- 04- 30,"6,670"
2019- 05- 02,"6,645"
2019- 05- 03,"6,705"
2019- 05- 07,"6,765"
2019- 05- 08,"6,790"
2019- 05- 09,"6,995"
2019- 05- 10,"6,985"
2019- 05- 13,"7,070"
2019- 05- 14,"7,080"
2019- 05- 15,"7,050"
2019- 05- 16,"7,145"
2019- 05- 17,"7,200"
2019- 05- 20,"7,180"
2019- 05- 21,"7,145"
2019- 05- 22,"7,130"
2019- 05- 23,"7,145"
2019- 05- 24,"7,190"
2019- 05- 27,"7,190"
2019- 05- 28,"7,180"
2019- 05- 29,"7,280"
2019- 05- 30,"7,215"
2019- 05- 31,"7,235"
2019- 06- 03,"7,105"
2019- 06- 04,"7,120"
2019- 06- 05,"7,110"
2019- 06- 07,"7,110"
2019- 06- 10,"7,000"
2019- 06- 11,"6,965"
2019- 06- 12,"6,995"
2019- 06- 13,"7,045"
2019- 06- 14,"7,045"
2019- 06- 16,"7,045"
2019- 06- 17,"7,045"
2019- 06- 18,"7,010"
2019- 06- 19,"6,920"
2019- 06- 20,"6,895"
2019- 06- 21,"6,920"
2019- 06- 24,"6,905"
2019- 06- 25,"6,920"
2019- 06- 26,"6,910"
2019- 06- 27,"6,830"
2019- 06- 28,"6,840"
2019- 07- 01,"6,840"
2019- 07- 02,"6,880"
2019- 07- 03,"6,975"
2019- 07- 04,"6,915"
2019- 07- 05,"6,920"
2019- 07- 08,"7,075"
2019- 07- 09,"7,095"
2019- 07- 10,"7,055"
2019- 07- 11,"6,970"
2019- 07- 12,"6,955"
2019- 07- 14,"6,955"
2019- 07- 15,"6,965"
2019- 07- 16,"6,930"
2019- 07- 17,"6,995"
2019- 07- 18,"7,015"
2019- 07- 19,"6,910"
2019- 07- 22,"6,915"
2019- 07- 23,"6,880"
2019- 07- 24,"6,955"
2019- 07- 25,"6,965"
2019- 07- 26,"6,985"
2019- 07- 28,"6,985"
2019- 07- 29,"7,090"
2019- 07- 30,"7,065"
2019- 07- 31,"7,125"
2019- 08- 01,"7,145"
2019- 08- 02,"7,230"
2019- 08- 05,"7,385"
2019- 08- 06,"7,490"
2019- 08- 07,"7,535"
2019- 08- 08,"7,505"
2019- 08- 09,"7,450"
2019- 08- 12,"7,440"
2019- 08- 13,"7,515"
2019- 08- 14,"7,460"
2019- 08- 16,"7,490"
2019- 08- 19,"7,440"
2019- 08- 20,"7,370"
2019- 08- 21,"7,350"
2019- 08- 22,"7,410"
2019- 08- 23,"7,420"
2019- 08- 26,"7,525"
2019- 08- 27,"7,505"
2019- 08- 28,"7,435"
2019- 08- 29,"7,470"
2019- 08- 30,"7,335"
2019- 09- 01,"7,335"
2019- 09- 02,"7,335"
2019- 09- 03,"7,355"
2019- 09- 04,"7,250"
2019- 09- 05,"7,190"
2019- 09- 06,"7,155"
2019- 09- 08,"7,155"
2019- 09- 09,"7,095"
2019- 09- 10,"7,065"
2019- 09- 11,"7,005"
2019- 09- 15,"7,005"
2019- 09- 16,"6,990"
2019- 09- 17,"6,985"
2019- 09- 18,"6,950"
2019- 09- 19,"6,905"
2019- 09- 20,"6,870"
2019- 09- 22,"6,870"
2019- 09- 23,"6,860"
2019- 09- 24,"6,825"
2019- 09- 25,"6,920"
2019- 09- 26,"6,910"
2019- 09- 27,"6,980"
2019- 09- 29,"6,980"
2019- 09- 30,"6,925"
2019- 10- 01,"6,905"
2019- 10- 02,"7,055"
2019- 10- 03,"7,055"
2019- 10- 04,"7,075"
2019- 10- 06,"7,075"
2019- 10- 07,"7,075"
2019- 10- 08,"6,970"
2019- 10- 09,"6,970"
2019- 10- 10,"7,025"
2019- 10- 11,"6,975"
2019- 10- 13,"6,975"
2019- 10- 14,"6,900"
2019- 10- 15,"6,895"
2019- 10- 16,"6,855"
2019- 10- 17,"6,880"
2019- 10- 18,"6,945"
2019- 10- 20,"6,945"
2019- 10- 21,"6,910"
2019- 10- 22,"6,810"
2019- 10- 23,"6,855"
2019- 10- 24,"6,840"
2019- 10- 25,"6,835"
2019- 10- 27,"6,835"
2019- 10- 28,"6,810"
2019- 10- 29,"6,825"
2019- 10- 30,"6,880"
2019- 10- 31,"6,860"
2019- 11- 01,"6,800"
2019- 11- 03,"6,800"
2019- 11- 04,"6,695"
2019- 11- 05,"6,655"
2019- 11- 06,"6,650"
2019- 11- 07,"6,655"
2019- 11- 08,"6,685"
2019- 11- 10,"6,685"
2019- 11- 11,"6,735"
2019- 11- 12,"6,670"
2019- 11- 13,"6,730"
2019- 11- 14,"6,680"
2019- 11- 15,"6,580"
2019- 11- 17,"6,580"
2019- 11- 18,"6,595"
2019- 11- 19,"6,620"
2019- 11- 20,"6,700"
2019- 11- 21,"6,805"
2019- 11- 22,"6,770"
2019- 11- 24,"6,770"
2019- 11- 25,"6,700"
2019- 11- 26,"6,695"
2019- 11- 27,"6,690"
2019- 11- 28,"6,720"
2019- 11- 29,"6,835"
2019- 12- 01,"6,835"
2019- 12- 02,"6,815"
2019- 12- 03,"6,850"
2019- 12- 04,"6,895"
2019- 12- 05,"6,910"
2019- 12- 06,"6,840"
2019- 12- 08,"6,840"
2019- 12- 09,"6,805"
2019- 12- 10,"6,770"
2019- 12- 11,"6,745"
2019- 12- 12,"6,630"
2019- 12- 13,"6,510"
2019- 12- 15,"6,510"
2019- 12- 16,"6,510"
2019- 12- 17,"6,425"
2019- 12- 18,"6,435"
2019- 12- 19,"6,420"
2019- 12- 20,"6,410"
2019- 12- 22,"6,410"
2019- 12- 23,"6,410"
2019- 12- 24,"6,460"
2019- 12- 25,"6,460"
2019- 12- 26,"6,435"
2019- 12- 27,"6,330"
2019- 12- 29,"6,330"
2019- 12- 30,"6,350"
2020- 01- 02,"6,425"
2020- 01- 03,"6,430"
2020- 01- 06,"6,480"
2020- 01- 07,"6,410"
2020- 01- 08,"6,455"
2020- 01- 09,"6,345"
2020- 01- 10,"6,285"
2020- 01- 12,"6,285"
2020- 01- 13,"6,220"
2020- 01- 14,"6,200"
2020- 01- 15,"6,235"
2020- 01- 16,"6,165"
2020- 01- 17,"6,150"
2020- 01- 19,"6,150"
2020- 01- 20,"6,110"
2020- 01- 21,"6,185"
2020- 01- 22,"6,095"
2020- 01- 23,"6,175"
2020- 01- 27,"6,175"
2020- 01- 28,"6,370"
2020- 01- 29,"6,350"
2020- 01- 30,"6,480"
2020- 01- 31,"6,545"
2020- 02- 03,"6,545"
2020- 02- 04,"6,420"
2020- 02- 05,"6,395"
2020- 02- 06,"6,190"
2020- 02- 07,"6,250"
2020- 02- 09,"6,250"
2020- 02- 10,"6,285"
2020- 02- 11,"6,220"
2020- 02- 12,"6,170"
2020- 02- 13,"6,190"
2020- 02- 14,"6,145"
2020- 02- 16,"6,145"
2020- 02- 17,"6,145"
2020- 02- 18,"6,255"
2020- 02- 19,"6,245"
2020- 02- 20,"6,270"
2020- 02- 21,"6,375"
2020- 02- 23,"6,375"
2020- 02- 24,"6,615"
2020- 02- 25,"6,540"
2020- 02- 26,"6,635"
2020- 02- 27,"6,710"
2020- 02- 28,"6,930"
2020- 03- 01,"6,930"
2020- 03- 02,"6,855"
2020- 03- 03,"6,830"
2020- 03- 04,"6,670"
2020- 03- 05,"6,610"
2020- 03- 06,"6,750"
2020- 03- 08,"6,750"
2020- 03- 09,"7,050"
2020- 03- 10,"6,990"
2020- 03- 11,"7,205"
2020- 03- 12,"7,470"
2020- 03- 13,"7,625"
2020- 03- 15,"7,625"
2020- 03- 16,"7,935"
2020- 03- 17,"8,085"
2020- 03- 18,"8,575"
2020- 03- 19,"9,180"
2020- 03- 20,"8,465"
2020- 03- 22,"8,465"
2020- 03- 23,"8,945"
2020- 03- 24,"8,090"
2020- 03- 25,"7,695"
2020- 03- 26,"7,785"
2020- 03- 27,"7,610"
2020- 03- 29,"7,610"
2020- 03- 30,"7,635"
2020- 03- 31,"7,500"
2020- 04- 01,"7,855"
2020- 04- 02,"7,620"
2020- 04- 03,"7,630"
2020- 04- 05,"7,630"
2020- 04- 06,"7,305"
2020- 04- 07,"7,180"
2020- 04- 08,"7,295"
2020- 04- 09,"7,180"
2020- 04- 10,"7,130"
2020- 04- 12,"7,130"
2020- 04- 13,"7,260"
2020- 04- 14,"7,115"
2020- 04- 15,"7,115"
2020- 04- 16,"7,120"
2020- 04- 17,"6,890"
2020- 04- 19,"6,890"
2020- 04- 20,"6,975"
2020- 04- 21,"7,055"
2020- 04- 22,"6,995"
2020- 04- 23,"6,930"
2020- 04- 24,"7,030"
2020- 04- 26,"7,030"
2020- 04- 27,"6,880"
2020- 04- 28,"6,845"
2020- 04- 29,"6,790"
2020- 05- 03,"6,790"
2020- 05- 04,"7,010"
2020- 05- 05,"7,010"
2020- 05- 06,"6,875"
2020- 05- 07,"6,885"
2020- 05- 08,"6,825"
2020- 05- 10,"6,825"
2020- 05- 11,"6,880"
2020- 05- 12,"6,920"
2020- 05- 13,"6,845"
2020- 05- 14,"6,920"
2020- 05- 15,"6,895"
2020- 05- 17,"6,895"
2020- 05- 18,"6,845"
2020- 05- 19,"6,670"
2020- 05- 20,"6,655"
2020- 05- 21,"6,635"
2020- 05- 22,"6,750"
2020- 05- 24,"6,750"
2020- 05- 25,"6,650"
2020- 05- 26,"6,535"
2020- 05- 27,"6,530"
2020- 05- 28,"6,510"
2020- 05- 29,"6,510"
2020- 05- 31,"6,510"
2020- 06- 01,"6,390"
2020- 06- 02,"6,320"
2020- 06- 03,"6,095"
2020- 06- 04,"6,080"
2020- 06- 05,"5,980"
2020- 06- 07,"5,980"
2020- 06- 08,"5,995"
2020- 06- 09,"5,995"
2020- 06- 10,"5,970"
2020- 06- 11,"6,070"
2020- 06- 12,"6,185"
2020- 06- 14,"6,185"
2020- 06- 15,"6,500"
2020- 06- 16,"6,115"
2020- 06- 17,"6,115"
2020- 06- 18,"6,140"
2020- 06- 19,"6,125"
2020- 06- 21,"6,125"
2020- 06- 22,"6,150"
2020- 06- 23,"6,145"
2020- 06- 24,"6,035"
2020- 06- 25,"6,200"
2020- 06- 26,"6,110"
2020- 06- 28,"6,110"
2020- 06- 29,"6,220"
2020- 06- 30,"6,160"
2020- 07- 01,"6,160"
2020- 07- 02,"6,085"
2020- 07- 03,"6,025"
2020- 07- 05,"6,025"
2020- 07- 06,"5,925"
2020- 07- 07,"6,005"
2020- 07- 08,"6,020"
2020- 07- 09,"5,985"
2020- 07- 10,"6,055"
2020- 07- 13,"5,935"
2020- 07- 14,"5,940"
2020- 07- 15,"5,880"
2020- 07- 16,"5,950"
2020- 07- 17,"5,895"
2020- 07- 19,"5,895"
2020- 07- 20,"5,910"
2020- 07- 21,"5,825"
2020- 07- 22,"5,845"
2020- 07- 23,"5,885"
2020- 07- 24,"5,920"
2020- 07- 26,"5,920"
2020- 07- 27,"5,855"
2020- 07- 28,"5,735"
2020- 07- 29,"5,700"
2020- 07- 30,"5,695"
2020- 07- 31,"5,740"
2020- 08- 02,"5,740"
2020- 08- 03,"5,745"
2020- 08- 04,"5,675"
2020- 08- 05,"5,610"
2020- 08- 06,"5,525"
2020- 08- 07,"5,495"
2020- 08- 09,"5,495"
2020- 08- 10,"5,415"
2020- 08- 11,"5,345"
2020- 08- 12,"5,320"
2020- 08- 13,"5,320"
2020- 08- 14,"5,375"
2020- 08- 17,"5,375"
2020- 08- 18,"5,490"
2020- 08- 19,"5,465"
2020- 08- 20,"5,685"
2020- 08- 21,"5,590"
2020- 08- 23,"5,590"
2020- 08- 24,"5,530"
2020- 08- 25,"5,455"
2020- 08- 26,"5,455"
2020- 08- 27,"5,505"
2020- 08- 28,"5,475"
2020- 08- 30,"5,475"
2020- 08- 31,"5,565"
2020- 09- 01,"5,520"
2020- 09- 02,"5,490"
2020- 09- 03,"5,405"
2020- 09- 04,"5,480"
2020- 09- 06,"5,480"
2020- 09- 07,"5,455"
2020- 09- 08,"5,385"
2020- 09- 09,"5,445"
2020- 09- 10,"5,390"
2020- 09- 11,"5,400"
2020- 09- 13,"5,400"
2020- 09- 14,"5,320"
2020- 09- 15,"5,285"
2020- 09- 16,"5,300"
2020- 09- 17,"5,380"
2020- 09- 18,"5,355"
2020- 09- 20,"5,355"
2020- 09- 21,"5,405"
2020- 09- 22,"5,540"
2020- 09- 23,"5,510"
2020- 09- 24,"5,635"
2020- 09- 25,"5,610"
2020- 09- 27,"5,610"
2020- 09- 28,"5,520"
2020- 09- 29,"5,485"
2020- 10- 04,"5,485"
2020- 10- 05,"5,415"
2020- 10- 06,"5,400"
2020- 10- 07,"5,350"
2020- 10- 08,"5,340"
2020- 10- 11,"5,340"
2020- 10- 12,"5,330"
2020- 10- 13,"5,325"
2020- 10- 14,"5,380"
2020- 10- 15,"5,415"
2020- 10- 16,"5,450"
2020- 10- 18,"5,450"
2020- 10- 19,"5,435"
2020- 10- 20,"5,390"
2020- 10- 21,"5,380"
2020- 10- 22,"5,415"
2020- 10- 23,"5,400"
2020- 10- 25,"5,400"
2020- 10- 26,"5,410"
2020- 10- 27,"5,455"
2020- 10- 28,"5,420"
2020- 10- 29,"5,480"
2020- 10- 30,"5,630"
2020- 11- 01,"5,630"
2020- 11- 02,"5,545"
2020- 11- 03,"5,435"
2020- 11- 04,"5,400"
2020- 11- 05,"5,280"
2020- 11- 06,"5,260"
2020- 11- 08,"5,260"
2020- 11- 09,"5,200"
2020- 11- 10,"5,200"
2020- 11- 11,"5,115"
2020- 11- 12,"5,135"
2020- 11- 13,"5,080"
2020- 11- 15,"5,080"
2020- 11- 16,"4,970"
2020- 11- 17,"4,975"
2020- 11- 18,"4,980"
2020- 11- 19,"4,975"
2020- 11- 20,"4,970"
2020- 11- 22,"4,970"
2020- 11- 23,"4,850"
2020- 11- 24,"4,825"
2020- 11- 25,"4,865"
2020- 11- 26,"4,810"
2020- 11- 27,"4,795"
2020- 11- 29,"4,795"
2020- 11- 30,"4,875"
2020- 12- 01,"4,795"
2020- 12- 02,"4,710"
2020- 12- 03,"4,675"
2020- 12- 04,"4,595"
2020- 12- 06,"4,595"
2020- 12- 07,"4,570"
2020- 12- 08,"4,645"
2020- 12- 09,"4,540"
2020- 12- 10,"4,575"
2020- 12- 11,"4,530"
2020- 12- 13,"4,530"
2020- 12- 14,"4,550"
2020- 12- 15,"4,550"
2020- 12- 16,"4,530"
2020- 12- 17,"4,535"
2020- 12- 18,"4,540"
2020- 12- 20,"4,540"
2020- 12- 21,"4,540"
2020- 12- 22,"4,615"
2020- 12- 23,"4,545"
2020- 12- 24,"4,450"
2020- 12- 27,"4,450"
2020- 12- 28,"4,435"
2020- 12- 29,"4,365"
2020- 12- 30,"4,255"
2021- 01- 04,"4,145"
2021- 01- 05,"4,090"
2021- 01- 06,"4,125"
2021- 01- 07,"4,030"
2021- 01- 08,"3,850"
2021- 01- 10,"3,850"
2021- 01- 11,"3,840"
2021- 01- 12,"3,870"
2021- 01- 13,"3,850"
2021- 01- 14,"3,850"
2021- 01- 15,"3,940"
2021- 01- 17,"3,940"
2021- 01- 18,"4,025"
2021- 01- 19,"3,920"
2021- 01- 20,"3,895"
2021- 01- 21,"3,840"
2021- 01- 22,"3,865"
2021- 01- 24,"3,865"
2021- 01- 25,"3,770"
2021- 01- 26,"3,880"
2021- 01- 27,"3,895"
2021- 01- 28,"3,970"
2021- 01- 29,"4,070"
2021- 01- 31,"4,070"
2021- 02- 01,"3,965"
2021- 02- 02,"3,900"
2021- 02- 03,"3,865"
2021- 02- 04,"3,935"
2021- 02- 05,"3,885"
2021- 02- 07,"3,885"
2021- 02- 08,"3,920"
2021- 02- 09,"3,940"
2021- 02- 10,"3,905"
2021- 02- 14,"3,905"
2021- 02- 15,"3,845"
2021- 02- 16,"3,830"
2021- 02- 17,"3,875"
2021- 02- 18,"3,935"
2021- 02- 19,"3,900"
2021- 02- 21,"3,900"
2021- 02- 22,"3,945"
2021- 02- 23,"3,945"
2021- 02- 24,"4,030"
2021- 02- 25,"3,880"
2021- 02- 26,"3,995"
2021- 03- 01,"3,995"
2021- 03- 02,"3,940"
2021- 03- 03,"3,895"
2021- 03- 04,"3,950"
2021- 03- 05,"3,970"
2021- 03- 07,"3,970"
2021- 03- 08,"4,005"
2021- 03- 09,"4,030"
2021- 03- 10,"4,050"
2021- 03- 11,"3,960"
2021- 03- 12,"3,925"
2021- 03- 14,"3,925"
2021- 03- 15,"3,950"
2021- 03- 16,"3,915"
2021- 03- 17,"3,945"
2021- 03- 18,"3,915"
2021- 03- 19,"3,960"
2021- 03- 21,"3,960"
2021- 03- 22,"3,950"
2021- 03- 23,"3,995"
2021- 03- 24,"4,010"
2021- 03- 25,"3,990"
2021- 03- 26,"3,950"
2021- 03- 28,"3,950"
2021- 03- 29,"3,965"
2021- 03- 30,"3,910"
2021- 03- 31,"3,925"
2021- 04- 01,"3,890"
2021- 04- 02,"3,845"
2021- 04- 04,"3,845"
2021- 04- 05,"3,835"
2021- 04- 06,"3,830"
2021- 04- 07,"3,820"
2021- 04- 08,"3,825"
2021- 04- 09,"3,845"
2021- 04- 11,"3,845"
2021- 04- 12,"3,845"
2021- 04- 13,"3,800"
2021- 04- 14,"3,780"
2021- 04- 15,"3,770"
2021- 04- 16,"3,775"
2021- 04- 18,"3,775"
2021- 04- 19,"3,775"
2021- 04- 20,"3,750"
2021- 04- 21,"3,820"
2021- 04- 22,"3,810"
2021- 04- 23,"3,810"
2021- 04- 25,"3,810"
2021- 04- 26,"3,775"
2021- 04- 27,"3,765"
2021- 04- 28,"3,810"
2021- 04- 29,"3,825"
2021- 04- 30,"3,855"
2021- 05- 02,"3,855"
2021- 05- 03,"3,875"
2021- 05- 04,"3,845"
2021- 05- 05,"3,845"
2021- 05- 06,"3,825"
2021- 05- 07,"3,790"
2021- 05- 10,"3,730"
2021- 05- 11,"3,800"
2021- 05- 12,"3,855"
2021- 05- 13,"3,900"
2021- 05- 14,"3,865"
2021- 05- 16,"3,865"
2021- 05- 17,"3,880"
2021- 05- 18,"3,830"
2021- 05- 19,"3,830"
2021- 05- 20,"3,845"
2021- 05- 21,"3,845"
2021- 05- 23,"3,845"
2021- 05- 24,"3,855"
2021- 05- 25,"3,820"
2021- 05- 26,"3,825"
2021- 05- 27,"3,830"
2021- 05- 28,"3,800"
2021- 05- 30,"3,800"
2021- 05- 31,"3,790"
2021- 06- 01,"3,765"
2021- 06- 02,"3,770"
2021- 06- 03,"3,730"
2021- 06- 04,"3,750"
2021- 06- 06,"3,750"
2021- 06- 07,"3,735"
2021- 06- 08,"3,740"
2021- 06- 09,"3,785"
2021- 06- 10,"3,770"
2021- 06- 11,"3,740"
2021- 06- 13,"3,740"
2021- 06- 14,"3,745"
2021- 06- 15,"3,735"
2021- 06- 16,"3,710"
2021- 06- 17,"3,730"
2021- 06- 18,"3,725"
2021- 06- 20,"3,725"
2021- 06- 21,"3,755"
2021- 06- 22,"3,730"
2021- 06- 23,"3,705"
2021- 06- 24,"3,695"
2021- 06- 25,"3,675"
2021- 06- 27,"3,675"
2021- 06- 28,"3,680"
2021- 06- 29,"3,695"
2021- 06- 30,"3,680"
2021- 07- 01,"3,710"
2021- 07- 02,"3,710"
2021- 07- 05,"3,690"
2021- 07- 06,"3,675"
2021- 07- 07,"3,700"
2021- 07- 08,"3,740"
2021- 07- 09,"3,785"
2021- 07- 11,"3,785"
2021- 07- 12,"3,750"
2021- 07- 13,"3,715"
2021- 07- 14,"3,725"
2021- 07- 15,"3,700"
2021- 07- 16,"3,720"
2021- 07- 18,"3,720"
2021- 07- 19,"3,760"
2021- 07- 20,"3,770"
2021- 07- 21,"3,795"
2021- 07- 22,"3,745"
2021- 07- 23,"3,735"
2021- 07- 26,"3,775"
2021- 07- 27,"3,770"
2021- 07- 28,"3,765"
2021- 07- 29,"3,755"
2021- 07- 30,"3,805"
2021- 08- 01,"3,805"
2021- 08- 02,"3,780"
2021- 08- 03,"3,750"
2021- 08- 04,"3,695"
2021- 08- 05,"3,700"
2021- 08- 06,"3,720"
2021- 08- 08,"3,720"
2021- 08- 09,"3,735"
2021- 08- 10,"3,760"
2021- 08- 11,"3,800"
2021- 08- 12,"3,815"
2021- 08- 13,"3,875"
2021- 08- 16,"3,875"
2021- 08- 17,"3,925"
2021- 08- 18,"3,900"
2021- 08- 19,"3,980"
2021- 08- 20,"4,020"
2021- 08- 22,"4,020"
2021- 08- 23,"3,975"
2021- 08- 24,"3,905"
2021- 08- 25,"3,890"
2021- 08- 26,"3,920"
2021- 08- 27,"3,920"
2021- 08- 29,"3,920"
2021- 08- 30,"3,915"
2021- 08- 31,"3,835"
2021- 09- 01,"3,825"
2021- 09- 02,"3,865"
2021- 09- 03,"3,840"
2021- 09- 05,"3,840"
2021- 09- 06,"3,825"
2021- 09- 07,"3,850"
2021- 09- 08,"3,885"
2021- 09- 09,"3,945"
2021- 09- 10,"3,930"
2021- 09- 12,"3,930"
2021- 09- 13,"3,920"
2021- 09- 14,"3,895"
2021- 09- 15,"3,890"
2021- 09- 16,"3,930"
2021- 09- 17,"3,910"
2021- 09- 22,"3,910"
2021- 09- 23,"3,920"
2021- 09- 24,"3,925"
2021- 09- 27,"3,915"
2021- 09- 28,"3,965"
2021- 09- 29,"4,020"
2021- 09- 30,"4,000"
2021- 10- 01,"4,080"
2021- 10- 04,"4,080"
2021- 10- 05,"4,135"
2021- 10- 06,"4,200"
2021- 10- 07,"4,135"
2021- 10- 08,"4,140"
2021- 10- 11,"4,140"
2021- 10- 12,"4,210"
2021- 10- 13,"4,165"
2021- 10- 14,"4,115"
2021- 10- 15,"4,070"
2021- 10- 17,"4,070"
2021- 10- 18,"4,085"
2021- 10- 19,"4,045"
2021- 10- 20,"4,070"
2021- 10- 21,"4,075"
2021- 10- 22,"4,065"
2021- 10- 24,"4,065"
2021- 10- 25,"4,050"
2021- 10- 26,"4,010"
2021- 10- 27,"4,050"
2021- 10- 28,"4,055"
2021- 10- 29,"4,125"
2021- 10- 31,"4,125"
2021- 11- 01,"4,105"
2021- 11- 02,"4,050"
2021- 11- 03,"4,115"
2021- 11- 04,"4,085"
2021- 11- 05,"4,100"
2021- 11- 07,"4,100"
2021- 11- 08,"4,105"
2021- 11- 09,"4,095"
2021- 11- 10,"4,135"
2021- 11- 11,"4,140"
2021- 11- 12,"4,095"
2021- 11- 15,"4,045"
2021- 11- 16,"4,055"
2021- 11- 17,"4,110"
2021- 11- 18,"4,120"
2021- 11- 19,"4,095"
2021- 11- 21,"4,095"
2021- 11- 22,"4,000"
2021- 11- 23,"4,030"
2021- 11- 24,"4,040"
2021- 11- 25,"4,075"
2021- 11- 26,"4,155"
2021- 11- 28,"4,155"
2021- 11- 29,"4,180"
2021- 11- 30,"4,275"
2021- 12- 01,"4,165"
2021- 12- 02,"4,100"
2021- 12- 03,"4,065"
2021- 12- 05,"4,065"
2021- 12- 06,"4,060"
2021- 12- 07,"4,025"
2021- 12- 08,"4,010"
2021- 12- 09,"3,990"
2021- 12- 10,"4,020"
2021- 12- 12,"4,020"
2021- 12- 13,"4,010"
2021- 12- 14,"4,040"
2021- 12- 15,"4,040"
2021- 12- 16,"4,015"
2021- 12- 17,"4,005"
2021- 12- 20,"4,090"
2021- 12- 21,"4,050"
2021- 12- 22,"4,030"
2021- 12- 23,"4,005"
2021- 12- 24,"3,980"
2021- 12- 26,"3,980"
2021- 12- 27,"4,000"
2021- 12- 28,"3,980"
2021- 12- 29,"3,980"
2021- 12- 30,"4,005"
2022- 01- 03,"3,995"
2022- 01- 04,"3,995"
2022- 01- 05,"4,055"
2022- 01- 06,"4,090"
2022- 01- 07,"4,040"
2022- 01- 09,"4,040"
2022- 01- 10,"4,075"
2022- 01- 11,"4,065"
2022- 01- 12,"3,990"
2022- 01- 13,"4,015"
2022- 01- 14,"4,075"
2022- 01- 16,"4,075"
2022- 01- 17,"4,110"
2022- 01- 18,"4,135"
2022- 01- 19,"4,165"
2022- 01- 20,"4,145"
2022- 01- 21,"4,190"
2022- 01- 24,"4,240"
2022- 01- 25,"4,350"
2022- 01- 26,"4,360"
2022- 01- 27,"4,505"
2022- 01- 28,"4,385"
2022- 02- 02,"4,385"
2022- 02- 03,"4,345"
2022- 02- 04,"4,290"
2022- 02- 06,"4,290"
2022- 02- 07,"4,330"
2022- 02- 08,"4,325"
2022- 02- 09,"4,260"
2022- 02- 10,"4,225"
2022- 02- 11,"4,265"
2022- 02- 14,"4,325"
2022- 02- 15,"4,350"
2022- 02- 16,"4,270"
2022- 02- 17,"4,245"
2022- 02- 18,"4,260"
2022- 02- 21,"4,260"
2022- 02- 22,"4,325"
2022- 02- 23,"4,300"
2022- 02- 24,"4,420"
2022- 02- 25,"4,370"
2022- 02- 27,"4,370"
2022- 02- 28,"4,335"
2022- 03- 01,"4,335"
2022- 03- 02,"4,350"
2022- 03- 03,"4,270"
2022- 03- 04,"4,340"
2022- 03- 07,"4,445"
2022- 03- 08,"4,490"
2022- 03- 09,"4,490"
2022- 03- 10,"4,390"
2022- 03- 11,"4,410"
2022- 03- 13,"4,410"
2022- 03- 14,"4,420"
2022- 03- 15,"4,465"
2022- 03- 16,"4,395"
2022- 03- 17,"4,330"
2022- 03- 18,"4,315"
2022- 03- 20,"4,315"
2022- 03- 21,"4,365"
2022- 03- 22,"4,320"
2022- 03- 23,"4,285"
2022- 03- 24,"4,305"
2022- 03- 25,"4,320"
2022- 03- 27,"4,320"
2022- 03- 28,"4,320"
2022- 03- 29,"4,300"
2022- 03- 30,"4,280"
2022- 03- 31,"4,265"
2022- 04- 01,"4,300"
2022- 04- 03,"4,300"
2022- 04- 04,"4,275"
2022- 04- 05,"4,280"
2022- 04- 06,"4,325"
2022- 04- 07,"4,385"
2022- 04- 08,"4,385"
2022- 04- 10,"4,385"
2022- 04- 11,"4,385"
2022- 04- 12,"4,425"
2022- 04- 13,"4,340"
2022- 04- 14,"4,365"
2022- 04- 15,"4,420"
2022- 04- 18,"4,415"
2022- 04- 19,"4,365"
2022- 04- 20,"4,370"
2022- 04- 21,"4,350"
2022- 04- 22,"4,400"
2022- 04- 25,"4,475"
2022- 04- 26,"4,455"
2022- 04- 27,"4,510"
2022- 04- 28,"4,460"
2022- 04- 29,"4,395"
2022- 05- 02,"4,410"
2022- 05- 03,"4,420"
2022- 05- 04,"4,415"
2022- 05- 06,"4,475"
2022- 05- 09,"4,515"
2022- 05- 10,"4,540"
2022- 05- 11,"4,545"
2022- 05- 12,"4,615"
2022- 05- 13,"4,505"
2022- 05- 16,"4,525"
2022- 05- 17,"4,480"
2022- 05- 18,"4,470"
2022- 05- 19,"4,540"
2022- 05- 20,"4,450"
2022- 05- 22,"4,450"
2022- 05- 23,"4,440"
2022- 05- 24,"4,520"
2022- 05- 25,"4,505"
2022- 05- 26,"4,520"
2022- 05- 27,"4,470"
2022- 05- 29,"4,470"
2022- 05- 30,"4,410"
2022- 05- 31,"4,395"
2022- 06- 01,"4,395"
2022- 06- 02,"4,445"
2022- 06- 03,"4,420"
2022- 06- 06,"4,420"
2022- 06- 07,"4,500"
2022- 06- 08,"4,490"
2022- 06- 09,"4,495"
2022- 06- 10,"4,555"
2022- 06- 13,"4,710"
2022- 06- 14,"4,725"
2022- 06- 15,"4,820"
2022- 06- 16,"4,820"
2022- 06- 17,"4,855"
2022- 06- 19,"4,855"
2022- 06- 20,"4,930"
2022- 06- 21,"4,900"
2022- 06- 22,"5,025"
2022- 06- 23,"5,060"
2022- 06- 24,"4,955"
2022- 06- 26,"4,955"
2022- 06- 27,"4,890"
2022- 06- 28,"4,855"
2022- 06- 29,"4,940"
2022- 06- 30,"5,025"
2022- 07- 01,"5,070"
2022- 07- 03,"5,070"
2022- 07- 04,"5,070"
2022- 07- 05,"4,990"
2022- 07- 06,"5,105"
2022- 07- 07,"5,000"
2022- 07- 08,"4,970"
2022- 07- 10,"4,970"
2022- 07- 11,"5,005"
2022- 07- 12,"5,050"
2022- 07- 13,"5,020"
2022- 07- 14,"5,035"
2022- 07- 15,"5,010"
2022- 07- 17,"5,010"
2022- 07- 18,"4,900"
2022- 07- 19,"4,915"
2022- 07- 20,"4,880"
2022- 07- 21,"4,825"
2022- 07- 22,"4,860"
2022- 07- 24,"4,860"
2022- 07- 25,"4,840"
2022- 07- 26,"4,820"
2022- 07- 27,"4,825"
2022- 07- 28,"4,795"
2022- 07- 29,"4,770"
2022- 07- 31,"4,770"
2022- 08- 01,"4,775"
2022- 08- 02,"4,800"
2022- 08- 03,"4,765"
2022- 08- 04,"4,745"
2022- 08- 05,"4,705"
2022- 08- 08,"4,720"
2022- 08- 09,"4,705"
2022- 08- 10,"4,765"
2022- 08- 11,"4,680"
2022- 08- 12,"4,660"
2022- 08- 15,"4,660"
2022- 08- 16,"4,655"
2022- 08- 17,"4,675"
2022- 08- 18,"4,690"
2022- 08- 19,"4,720"
2022- 08- 21,"4,720"
2022- 08- 22,"4,785"
2022- 08- 23,"4,845"
2022- 08- 24,"4,825"
2022- 08- 25,"4,765"
2022- 08- 26,"4,765"
2022- 08- 28,"4,765"
2022- 08- 29,"4,875"
2022- 08- 30,"4,825"
2022- 08- 31,"4,790"
2022- 09- 01,"4,910"
2022- 09- 02,"4,935"
2022- 09- 04,"4,935"
2022- 09- 05,"4,930"
2022- 09- 06,"4,930"
2022- 09- 07,"5,005"
2022- 09- 08,"4,985"
2022- 09- 12,"4,985"
2022- 09- 13,"4,830"
2022- 09- 14,"4,925"
2022- 09- 15,"4,960"
2022- 09- 16,"5,000"
2022- 09- 18,"5,000"
2022- 09- 19,"5,030"
2022- 09- 20,"5,010"
2022- 09- 21,"5,065"
2022- 09- 22,"5,115"
2022- 09- 23,"5,175"
2022- 09- 25,"5,175"
2022- 09- 26,"5,310"
2022- 09- 27,"5,295"
2022- 09- 28,"5,420"
2022- 09- 29,"5,420"
2022- 09- 30,"5,445"
2022- 10- 03,"5,445"
2022- 10- 04,"5,315"
2022- 10- 05,"5,315"
2022- 10- 06,"5,260"
2022- 10- 07,"5,280"
2022- 10- 10,"5,280"
2022- 10- 11,"5,395"
2022- 10- 12,"5,345"
2022- 10- 13,"5,435"
2022- 10- 14,"5,295"
2022- 10- 16,"5,295"
2022- 10- 17,"5,295"
2022- 10- 18,"5,225"
2022- 10- 19,"5,270"
2022- 10- 20,"5,315"
2022- 10- 21,"5,310"
2022- 10- 23,"5,310"
2022- 10- 24,"5,260"
2022- 10- 25,"5,250"
2022- 10- 26,"5,215"
2022- 10- 27,"5,120"
2022- 10- 28,"5,190"
2022- 10- 30,"5,190"
2022- 10- 31,"5,110"
2022- 11- 01,"5,035"
2022- 11- 02,"5,045"
2022- 11- 03,"5,075"
2022- 11- 04,"5,030"
2022- 11- 06,"5,030"
2022- 11- 07,"4,975"
2022- 11- 08,"4,905"
2022- 11- 09,"4,855"
2022- 11- 10,"4,910"
2022- 11- 11,"4,715"
2022- 11- 13,"4,715"
2022- 11- 14,"4,750"
2022- 11- 15,"4,740"
2022- 11- 16,"4,745"
2022- 11- 17,"4,805"
2022- 11- 18,"4,820"
2022- 11- 20,"4,820"
2022- 11- 21,"4,855"
2022- 11- 22,"4,900"
2022- 11- 23,"4,860"
2022- 11- 24,"4,820"
2022- 11- 25,"4,835"
2022- 11- 27,"4,835"
2022- 11- 28,"4,900"
2022- 11- 29,"4,845"
2022- 11- 30,"4,780"
2022- 12- 01,"4,750"
2022- 12- 02,"4,860"
2022- 12- 04,"4,860"
2022- 12- 05,"4,875"
2022- 12- 06,"4,935"
2022- 12- 07,"4,965"
2022- 12- 08,"4,965"
2022- 12- 09,"4,905"
2022- 12- 12,"4,940"
2022- 12- 13,"4,940"
2022- 12- 14,"4,890"
2022- 12- 15,"4,970"
2022- 12- 16,"4,995"
2022- 12- 19,"5,000"
2022- 12- 20,"5,045"
2022- 12- 21,"5,055"
2022- 12- 22,"4,995"
2022- 12- 23,"5,080"
2022- 12- 25,"5,080"
2022- 12- 26,"5,075"
2022- 12- 27,"5,045"
2022- 12- 28,"5,100"
2022- 12- 29,"5,195"
2023- 01- 02,"5,225"
2023- 01- 03,"5,225"
2023- 01- 04,"5,115"
2023- 01- 05,"5,085"
2023- 01- 06,"5,030"
2023- 01- 08,"5,030"
2023- 01- 09,"4,890"
2023- 01- 10,"4,885"
2023- 01- 11,"4,875"
2023- 01- 12,"4,860"
2023- 01- 13,"4,825"
2023- 01- 15,"4,825"
2023- 01- 16,"4,785"
2023- 01- 17,"4,830"
2023- 01- 18,"4,860"
2023- 01- 19,"4,830"
2023- 01- 20,"4,800"
2023- 01- 24,"4,800"
2023- 01- 25,"4,730"
2023- 01- 26,"4,660"
2023- 01- 27,"4,625"
2023- 01- 29,"4,625"
2023- 01- 30,"4,705"
2023- 01- 31,"4,780"
2023- 02- 01,"4,725"
2023- 02- 02,"4,675"
2023- 02- 03,"4,660"
2023- 02- 05,"4,660"
2023- 02- 06,"4,770"
2023- 02- 07,"4,740"
2023- 02- 08,"4,665"
2023- 02- 09,"4,680"
2023- 02- 10,"4,700"
2023- 02- 12,"4,700"
2023- 02- 13,"4,725"
2023- 02- 14,"4,695"
2023- 02- 15,"4,785"
2023- 02- 16,"4,690"
2023- 02- 17,"4,735"
2023- 02- 19,"4,735"
2023- 02- 20,"4,720"
2023- 02- 21,"4,725"
2023- 02- 22,"4,810"
2023- 02- 23,"4,750"
2023- 02- 24,"4,790"
2023- 02- 27,"4,840"
2023- 02- 28,"4,825"
2023- 03- 01,"4,825"
2023- 03- 02,"4,810"
2023- 03- 03,"4,800"
2023- 03- 06,"4,735"
2023- 03- 07,"4,755"
2023- 03- 08,"4,825"
2023- 03- 09,"4,840"
2023- 03- 10,"4,895"
2023- 03- 12,"4,895"
2023- 03- 13,"4,855"
2023- 03- 14,"4,975"
2023- 03- 15,"4,915"
2023- 03- 16,"4,930"
2023- 03- 17,"4,880"
2023- 03- 19,"4,880"
2023- 03- 20,"4,915"
2023- 03- 21,"4,905"
2023- 03- 22,"4,840"
2023- 03- 23,"4,825"
2023- 03- 24,"4,845"
2023- 03- 26,"4,845"
2023- 03- 27,"4,870"
2023- 03- 28,"4,815"
2023- 03- 29,"4,805"
2023- 03- 30,"4,775"
2023- 03- 31,"4,715"
2023- 04- 02,"4,715"
2023- 04- 03,"4,745"
2023- 04- 04,"4,725"
2023- 04- 05,"4,700"
2023- 04- 06,"4,785"
2023- 04- 07,"4,705"
2023- 04- 09,"4,705"
2023- 04- 10,"4,660"
2023- 04- 11,"4,595"
2023- 04- 12,"4,580"
2023- 04- 13,"4,575"
2023- 04- 14,"4,555"
2023- 04- 16,"4,555"
2023- 04- 17,"4,555"
2023- 04- 18,"4,570"
2023- 04- 19,"4,565"
2023- 04- 20,"4,575"
2023- 04- 21,"4,605"
2023- 04- 23,"4,605"
2023- 04- 24,"4,640"
2023- 04- 25,"4,690"
2023- 04- 26,"4,705"
2023- 04- 27,"4,690"
2023- 04- 28,"4,680"
2023- 05- 01,"4,680"
2023- 05- 02,"4,635"
2023- 05- 03,"4,675"
2023- 05- 04,"4,690"
2023- 05- 07,"4,690"
2023- 05- 08,"4,640"
2023- 05- 09,"4,650"
2023- 05- 10,"4,680"
2023- 05- 11,"4,695"
2023- 05- 12,"4,715"
2023- 05- 14,"4,715"
2023- 05- 15,"4,710"
2023- 05- 16,"4,690"
2023- 05- 17,"4,675"
2023- 05- 18,"4,635"
2023- 05- 19,"4,570"
2023- 05- 21,"4,570"
2023- 05- 22,"4,535"
2023- 05- 23,"4,530"
2023- 05- 24,"4,545"
2023- 05- 25,"4,550"
2023- 05- 26,"4,535"
2023- 05- 29,"4,535"
2023- 05- 30,"4,480"
2023- 05- 31,"4,505"
2023- 06- 01,"4,520"
2023- 06- 02,"4,465"
2023- 06- 04,"4,465"
2023- 06- 05,"4,445"
2023- 06- 06,"4,445"
2023- 06- 07,"4,455"
2023- 06- 08,"4,465"
2023- 06- 09,"4,400"
2023- 06- 11,"4,400"
2023- 06- 12,"4,435"
2023- 06- 13,"4,410"
2023- 06- 14,"4,440"
2023- 06- 15,"4,450"
2023- 06- 16,"4,430"
2023- 06- 18,"4,430"
2023- 06- 19,"4,460"
2023- 06- 20,"4,465"
2023- 06- 21,"4,510"
2023- 06- 22,"4,500"
2023- 06- 23,"4,515"
2023- 06- 25,"4,515"
2023- 06- 26,"4,505"
2023- 06- 27,"4,505"
2023- 06- 28,"4,525"
2023- 06- 29,"4,525"
2023- 06- 30,"4,515"
2023- 07- 02,"4,515"
2023- 07- 03,"4,450"
2023- 07- 04,"4,465"
2023- 07- 05,"4,515"
2023- 07- 06,"4,550"
2023- 07- 07,"4,615"
2023- 07- 09,"4,615"
2023- 07- 10,"4,625"
2023- 07- 11,"4,535"
2023- 07- 12,"4,505"
2023- 07- 13,"4,475"
2023- 07- 14,"4,405"
2023- 07- 17,"4,420"
2023- 07- 18,"4,455"
2023- 07- 19,"4,465"
2023- 07- 20,"4,475"
2023- 07- 21,"4,470"
2023- 07- 23,"4,470"
2023- 07- 24,"4,450"
2023- 07- 25,"4,435"
2023- 07- 26,"4,490"
2023- 07- 27,"4,445"
2023- 07- 28,"4,455"
2023- 07- 31,"4,435"
2023- 08- 01,"4,360"
2023- 08- 02,"4,460"
2023- 08- 03,"4,490"
2023- 08- 04,"4,490"
2023- 08- 06,"4,490"
2023- 08- 07,"4,500"
2023- 08- 08,"4,545"
2023- 08- 09,"4,495"
2023- 08- 10,"4,510"
2023- 08- 11,"4,525"
2023- 08- 13,"4,525"
2023- 08- 14,"4,570"
2023- 08- 15,"4,570"
2023- 08- 16,"4,640"
2023- 08- 17,"4,655"
2023- 08- 18,"4,680"
2023- 08- 20,"4,680"
2023- 08- 21,"4,675"
2023- 08- 22,"4,665"
2023- 08- 23,"4,670"
2023- 08- 24,"4,610"
2023- 08- 25,"4,665"
2023- 08- 27,"4,665"
2023- 08- 28,"4,630"
2023- 08- 29,"4,605"
2023- 08- 30,"4,595"
2023- 08- 31,"4,595"
2023- 09- 01,"4,550"
2023- 09- 03,"4,550"
2023- 09- 04,"4,520"
2023- 09- 05,"4,525"
2023- 09- 06,"4,555"
2023- 09- 07,"4,585"
2023- 09- 08,"4,570"
2023- 09- 10,"4,570"
2023- 09- 11,"4,560"
2023- 09- 12,"4,585"
2023- 09- 13,"4,585"
2023- 09- 14,"4,515"
2023- 09- 15,"4,455"
2023- 09- 18,"4,510"
2023- 09- 19,"4,550"
2023- 09- 20,"4,550"
2023- 09- 21,"4,625"
2023- 09- 22,"4,640"
2023- 09- 25,"4,645"
2023- 09- 26,"4,710"
2023- 09- 27,"4,705"
2023- 10- 03,"4,705"
2023- 10- 04,"4,830"
2023- 10- 05,"4,835"
2023- 10- 06,"4,825"
2023- 10- 09,"4,825"
2023- 10- 10,"4,815"
2023- 10- 11,"4,735"
2023- 10- 12,"4,680"
2023- 10- 13,"4,720"
2023- 10- 16,"4,760"
2023- 10- 17,"4,700"
2023- 10- 18,"4,680"
2023- 10- 19,"4,775"
2023- 10- 20,"4,850"
2023- 10- 22,"4,850"
2023- 10- 23,"4,880"
2023- 10- 24,"4,840"
2023- 10- 25,"4,865"
2023- 10- 26,"4,990"
2023- 10- 27,"4,995"
2023- 10- 29,"4,995"
2023- 10- 30,"4,975"
2023- 10- 31,"5,040"
2023- 11- 01,"4,970"
2023- 11- 02,"4,890"
2023- 11- 03,"4,835"
2023- 11- 06,"4,610"
2023- 11- 07,"4,690"
2023- 11- 08,"4,745"
2023- 11- 09,"4,715"
2023- 11- 10,"4,745"
2023- 11- 12,"4,745"
2023- 11- 13,"4,750"
2023- 11- 14,"4,700"
2023- 11- 15,"4,600"
2023- 11- 16,"4,600"
2023- 11- 17,"4,630"
2023- 11- 19,"4,630"
2023- 11- 20,"4,600"
2023- 11- 21,"4,570"
2023- 11- 22,"4,565"
2023- 11- 23,"4,570"
2023- 11- 24,"4,605"
2023- 11- 26,"4,605"
2023- 11- 27,"4,615"
2023- 11- 28,"4,565"
2023- 11- 29,"4,570"
2023- 11- 30,"4,550"
2023- 12- 01,"4,605"
2023- 12- 03,"4,605"
2023- 12- 04,"4,580"
2023- 12- 05,"4,630"
2023- 12- 06,"4,620"
2023- 12- 07,"4,635"
2023- 12- 08,"4,575"
2023- 12- 10,"4,575"
2023- 12- 11,"4,560"
2023- 12- 12,"4,535"
2023- 12- 13,"4,580"
2023- 12- 14,"4,520"
2023- 12- 15,"4,490"
2023- 12- 17,"4,490"
2023- 12- 18,"4,475"
2023- 12- 19,"4,465"
2023- 12- 20,"4,380"
2023- 12- 21,"4,410"
2023- 12- 22,"4,395"
2023- 12- 25,"4,395"
2023- 12- 26,"4,380"
2023- 12- 27,"4,330"
2023- 12- 28,"4,255"
2024- 01- 02,"4,230"
2024- 01- 03,"4,350"
2024- 01- 04,"4,395"
2024- 01- 05,"4,410"
2024- 01- 07,"4,410"
2024- 01- 08,"4,425"
2024- 01- 09,"4,445"
2024- 01- 10,"4,495"
2024- 01- 11,"4,490"
2024- 01- 12,"4,530"
2024- 01- 14,"4,530"
2024- 01- 15,"4,515"
2024- 01- 16,"4,585"
2024- 01- 17,"4,700"
2024- 01- 18,"4,675"
2024- 01- 19,"4,610"
2024- 01- 22,"4,600"
2024- 01- 23,"4,580"
2024- 01- 24,"4,595"
2024- 01- 25,"4,595"
2024- 01- 26,"4,590"
2024- 01- 28,"4,590"
2024- 01- 29,"4,535"
2024- 01- 30,"4,540"
2024- 01- 31,"4,570"
2024- 02- 01,"4,490"
2024- 02- 02,"4,345"
2024- 02- 04,"4,345"
2024- 02- 05,"4,400"
2024- 02- 06,"4,420"
2024- 02- 07,"4,360"
2024- 02- 08,"4,350"
2024- 02- 12,"4,350"
2024- 02- 13,"4,305"
2024- 02- 14,"4,360"
2024- 02- 15,"4,370"
2024- 02- 16,"4,320"
2024- 02- 18,"4,320"
2024- 02- 19,"4,255"
2024- 02- 20,"4,310"
2024- 02- 21,"4,320"
2024- 02- 22,"4,295"
2024- 02- 23,"4,290"
2024- 02- 25,"4,290"
2024- 02- 26,"4,320"
2024- 02- 27,"4,360"
2024- 02- 28,"4,305"
2024- 02- 29,"4,325"
2024- 03- 03,"4,325"
2024- 03- 04,"4,260"
2024- 03- 05,"4,300"
2024- 03- 06,"4,310"
2024- 03- 07,"4,315"
2024- 03- 08,"4,245"
2024- 03- 10,"4,245"
2024- 03- 11,"4,285"
2024- 03- 12,"4,250"
2024- 03- 13,"4,230"
2024- 03- 14,"4,190"
2024- 03- 15,"4,275"
2024- 03- 17,"4,285"
2024- 03- 18,"4,255"
2024- 03- 19,"4,305"
2024- 03- 20,"4,225"
2024- 03- 21,"4,105"
2024- 03- 22,"4,120"
2024- 03- 25,"4,135"
2024- 03- 26,"4,100"
2024- 03- 27,"4,095"
2024- 03- 28,"4,100"
2024- 03- 29,"4,090"
2024- 04- 01,"4,085"
2024- 04- 02,"4,075"
2024- 04- 03,"4,135"
2024- 04- 04,"4,080"
2024- 04- 05,"4,125"
2024- 04- 08,"4,110"
2024- 04- 09,"4,135"
2024- 04- 11,"4,140"
2024- 04- 12,"4,185"
2024- 04- 15,"4,205"
2024- 04- 16,"4,300"
2024- 04- 17,"4,350"
2024- 04- 18,"4,275"
2024- 04- 19,"4,365"
2024- 04- 22,"4,305"
2024- 04- 23,"4,305"
2024- 04- 24,"4,220"
2024- 04- 25,"4,300"
2024- 04- 26,"4,255"
2024- 04- 29,"4,210"
2024- 04- 30,"4,195"
2024- 05- 02,"4,215"
2024- 05- 03,"4,220"
2024- 05- 07,"4,120"
2024- 05- 08,"4,110"
2024- 05- 09,"4,160"
2024- 05- 10,"4,140"
2024- 05- 13,"4,145"
2024- 05- 14,"4,145"
2024- 05- 16,"4,100"
2024- 05- 17,"4,145"
2024- 05- 20,"4,115"
2024- 05- 21,"4,140"
2024- 05- 22,"4,135"
2024- 05- 23,"4,135"
2024- 05- 24,"4,210"
2024- 05- 27,"4,150"
2024- 05- 28,"4,140"
2024- 05- 29,"4,205"
2024- 05- 30,"4,285"
2024- 05- 31,"4,285"
2024- 06- 03,"4,210"
2024- 06- 04,"4,240"
2024- 06- 05,"4,200"
2024- 06- 07,"4,150"
2024- 06- 10,"4,190"
2024- 06- 11,"4,185"
2024- 06- 12,"4,145"
2024- 06- 13,"4,110"
2024- 06- 14,"4,100"
2024- 06- 17,"4,125"
2024- 06- 18,"4,090"
2024- 06- 19,"4,020"
2024- 06- 20,"4,000"
2024- 06- 21,"4,045"
2024- 06- 24,"4,080"
2024- 06- 25,"4,065"
2024- 06- 26,"4,030"
2024- 06- 27,"4,035"
2024- 06- 28,"4,015"
2024- 07- 01,"4,010"
2024- 07- 02,"4,040"
2024- 07- 03,"4,025"
2024- 07- 04,"3,970"
2024- 07- 05,"3,890"
2024- 07- 08,"3,910"
2024- 07- 09,"3,900"
2024- 07- 10,"3,895"
2024- 07- 11,"3,875"
2024- 07- 12,"3,930"
2024- 07- 15,"3,910"
2024- 07- 16,"3,910"
2024- 07- 17,"3,945"
2024- 07- 18,"3,970"
2024- 07- 19,"4,020"
2024- 07- 22,"4,060"
2024- 07- 23,"4,050"
2024- 07- 24,"4,075"
2024- 07- 25,"4,150"
2024- 07- 26,"4,130"
2024- 07- 29,"4,075"
2024- 07- 30,"4,115"
2024- 07- 31,"4,065"
2024- 08- 01,"4,060"
2024- 08- 02,"4,225"
2024- 08- 05,"4,620"
2024- 08- 06,"4,480"
2024- 08- 07,"4,390"
2024- 08- 08,"4,420"
2024- 08- 09,"4,360"
2024- 08- 12,"4,305"
2024- 08- 13,"4,290"
2024- 08- 14,"4,255"
2024- 08- 16,"4,150"
2024- 08- 19,"4,185"
2024- 08- 20,"4,145"
2024- 08- 21,"4,155"
2024- 08- 22,"4,145"
2024- 08- 23,"4,145"
2024- 08- 26,"4,175"
2024- 08- 27,"4,195"
2024- 08- 28,"4,185"
2024- 08- 29,"4,245"
2024- 08- 30,"4,220"
2024- 09- 02,"4,230"
2024- 09- 03,"4,265"
2024- 09- 04,"4,415"
2024- 09- 05,"4,425"
2024- 09- 06,"4,465"
2024- 09- 09,"4,490"
2024- 09- 10,"4,520"
2024- 09- 11,"4,555"
2024- 09- 12,"4,450"
2024- 09- 13,"4,445"
2024- 09- 19,"4,445"
2024- 09- 20,"4,445"
2024- 09- 23,"4,430"
2024- 09- 24,"4,375"
2024- 09- 25,"4,445"
2024- 09- 26,"4,295"
2024- 09- 27,"4,310"
2024- 09- 30,"4,415"
2024- 10- 02,"4,480"
2024- 10- 04,"4,470"
2024- 10- 07,"4,400"
2024- 10- 08,"4,435"
2024- 10- 10,"4,430"
2024- 10- 11,"4,425"
2024- 10- 14,"4,375"
2024- 10- 15,"4,355"
2024- 10- 16,"4,400"
2024- 10- 17,"4,390"
2024- 10- 18,"4,420"
2024- 10- 21,"4,410"
2024- 10- 22,"4,470"
2024- 10- 23,"4,415"
2024- 10- 24,"4,450"
2024- 10- 25,"4,450"
2024- 10- 28,"4,410"
2024- 10- 29,"4,395"
2024- 10- 30,"4,435"
2024- 10- 31,"4,505"
2024- 11- 01,"4,530"
2024- 11- 04,"4,455"
2024- 11- 05,"4,480"
2024- 11- 06,"4,500"
2024- 11- 07,"4,500"
2024- 11- 08,"4,500"
2024- 11- 11,"4,580"
2024- 11- 12,"4,675"
2024- 11- 13,"4,795"
2024- 11- 14,"4,825"
2024- 11- 15,"4,785"
2024- 11- 18,"4,675"
2024- 11- 19,"4,655"
2024- 11- 20,"4,655"
2024- 11- 21,"4,645"
2024- 11- 22,"4,605"
2024- 11- 25,"4,550"
2024- 11- 26,"4,575"
2024- 11- 27,"4,610"
2024- 11- 28,"4,625"
2024- 11- 29,"4,705"
2024- 12- 02,"4,700"
2024- 12- 03,"4,635"
2024- 12- 04,"4,695"
2024- 12- 05,"4,735"
2024- 12- 06,"4,750"
2024- 12- 09,"4,880"
2024- 12- 10,"4,775"
2024- 12- 11,"4,725"
2024- 12- 12,"4,655"
2024- 12- 13,"4,635"
2024- 12- 16,"4,655"
2024- 12- 17,"4,715"
2024- 12- 18,"4,640"
2024- 12- 19,"4,755"
2024- 12- 20,"4,825"
2024- 12- 23,"4,745"
2024- 12- 24,"4,740"
2024- 12- 26,"4,760"
2024- 12- 27,"4,775"
2024- 12- 30,"4,795"
2025- 01- 02,"4,805"
2025- 01- 03,"4,715"
2025- 01- 06,"4,615"
2025- 01- 07,"4,610"
2025- 01- 08,"4,570"
2025- 01- 09,"4,570"
2025- 01- 10,"4,575"
2025- 01- 13,"4,645"
2025- 01- 14,"4,625"
2025- 01- 15,"4,635"
2025- 01- 16,"4,570"
2025- 01- 17,"4,575"
2025- 01- 20,"4,585"
2025- 01- 21,"4,585"
2025- 01- 22,"4,525"
2025- 01- 23,"4,575"
2025- 01- 24,"4,555"
2025- 01- 31,"4,605"
2025- 02- 03,"4,730"
2025- 02- 04,"4,675"
2025- 02- 05,"4,610"
2025- 02- 06,"4,565"
2025- 02- 07,"4,595"
2025- 02- 10,"4,595"
2025- 02- 11,"4,560"
2025- 02- 12,"4,550"
2025- 02- 13,"4,505"
2025- 02- 14,"4,480"
2025- 02- 17,"4,450"
2025- 02- 18,"4,415"
2025- 02- 19,"4,320"
2025- 02- 20,"4,360"
2025- 02- 21,"4,360"
2025- 02- 24,"4,395"
2025- 02- 25,"4,410"
2025- 02- 26,"4,390"
2025- 02- 27,"4,415"
2025- 02- 28,"4,565"
2025- 03- 04,"4,585"
2025- 03- 05,"4,545"
2025- 03- 06,"4,495"
2025- 03- 07,"4,515"
2025- 03- 10,"4,505"
2025- 03- 11,"4,560"
2025- 03- 12,"4,485"
2025- 03- 13,"4,500"
2025- 03- 14,"4,480"
2025- 03- 17,"4,400"
2025- 03- 18,"4,380"
2025- 03- 19,"4,345"
2025- 03- 20,"4,315"
2025- 03- 21,"4,290"
2025- 03- 24,"4,305"
2025- 03- 25,"4,330"
2025- 03- 26,"4,295"
2025- 03- 27,"4,345"
2025- 03- 28,"4,420"
2025- 03- 31,"4,555"
2025- 04- 01,"4,485"
2025- 04- 02,"4,510"
2025- 04- 03,"4,565"
2025- 04- 04,"4,605"
2025- 04- 07,"4,885"
2025- 04- 08,"4,885"
2025- 04- 09,"4,975"
2025- 04- 10,"4,650"
2025- 04- 11,"4,665"
2025- 04- 14,"4,635"
2025- 04- 15,"4,590"
2025- 04- 16,"4,665"
2025- 04- 17,"4,615"
2025- 04- 18,"4,580"
2025- 04- 21,"4,575"
2025- 04- 22,"4,590"
2025- 04- 23,"4,510"
2025- 04- 24,"4,515"
2025- 04- 25,"4,470"
2025- 04- 28,"4,470"
2025- 04- 29,"4,440"
2025- 04- 30,"4,450"
2025- 05- 02,"4,450"
2025- 05- 07,"4,415"
2025- 05- 08,"4,415"
2025- 05- 09,"4,415"
2025- 05- 12,"4,350"
2025- 05- 13,"4,345"
2025- 05- 14,"4,290"
2025- 05- 15,"4,315"
2025- 05- 16,"4,305"
2025- 05- 19,"4,355"
2025- 05- 20,"4,345"
2025- 05- 21,"4,325"
2025- 05- 22,"4,375"
2025- 05- 23,"4,370"
2025- 05- 26,"4,305"
2025- 05- 27,"4,290"
2025- 05- 28,"4,235"
2025- 05- 29,"4,150"
2025- 05- 30,"4,190"
2025- 06- 02,"4,200"
2025- 06- 04,"4,080"
2025- 06- 05,"4,000"
2025- 06- 09,"3,935"
2025- 06- 10,"3,915"
2025- 06- 11,"3,860"
2025- 06- 12,"3,850"
2025- 06- 13,"3,885"
2025- 06- 16,"3,820"
2025- 06- 17,"3,805"
2025- 06- 18,"3,780"
2025- 06- 19,"3,775"
2025- 06- 20,"3,715"
2025- 06- 23,"3,725"
2025- 06- 24,"3,605"
2025- 06- 25,"3,590"
2025- 06- 26,"3,620"
2025- 06- 27,"3,645"
2025- 06- 30,"3,620"
2025- 07- 01,"3,615"
2025- 07- 02,"3,635"
2025- 07- 03,"3,570"
2025- 07- 04,"3,640"
2025- 07- 07,"3,640"
2025- 07- 08,"3,570"
2025- 07- 09,"3,560"
2025- 07- 10,"3,515"
2025- 07- 11,"3,510"
2025- 07- 14,"3,480"
2025- 07- 15,"3,460"
2025- 07- 16,"3,490"
2025- 07- 17,"3,480"
2025- 07- 18,"3,490"
2025- 07- 21,"3,465"
2025- 07- 22,"3,510"
2025- 07- 23,"3,500"
2025- 07- 24,"3,505"
2025- 07- 25,"3,495"
2025- 07- 28,"3,475"
2025- 07- 29,"3,450"
2025- 07- 30,"3,420"
2025- 07- 31,"3,430"
2025- 08- 01,"3,580"
2025- 08- 04,"3,535"
2025- 08- 05,"3,485"
2025- 08- 06,"3,485"
2025- 08- 07,"3,460"
2025- 08- 08,"3,465"
2025- 08- 11,"3,465"
2025- 08- 12,"3,480"
2025- 08- 13,"3,445"
2025- 08- 14,"3,445"
2025- 08- 18,"3,500"
2025- 08- 19,"3,525"
2025- 08- 20,"3,545"
2025- 08- 21,"3,535"
2025- 08- 22,"3,505"
2025- 08- 25,"3,465"
2025- 08- 26,"3,495"
2025- 08- 27,"3,490"
2025- 08- 28,"3,475"
2025- 08- 29,"3,490"
2025- 09- 01,"3,555"
2025- 09- 02,"3,510"
2025- 09- 03,"3,495"
2025- 09- 04,"3,480"
2025- 09- 05,"3,465"
2025- 09- 08,"3,460"
2025- 09- 09,"3,405"
2025- 09- 10,"3,335"
2025- 09- 11,"3,310"
2025- 09- 12,"3,245"
2025- 09- 15,"3,225"
2025- 09- 16,"3,175"
2025- 09- 17,"3,210"
2025- 09- 18,"3,160"
2025- 09- 19,"3,170"
2025- 09- 22,"3,140"
2025- 09- 23,"3,115"
2025- 09- 24,"3,125"
2025- 09- 25,"3,125"
2025- 09- 26,"3,205"
2025- 09- 29,"3,150"
2025- 09- 30,"3,160"
2025- 10- 01,"3,130"
2025- 10- 02,"3,030"
2025- 10- 06,"3,030"
2025- 10- 10,"2,955"
2025- 10- 13,"2,990"
2025- 10- 14,"3,020"
2025- 10- 15,"2,935"
2025- 10- 16,"2,855"
2025- 10- 17,"2,850"
2025- 10- 20,"2,795"
2025- 10- 21,"2,795"
2025- 10- 22,"2,760"
2025- 10- 23,"2,795"
2025- 10- 24,"2,715"
2025- 10- 27,"2,640"
2025- 10- 28,"2,670"
2025- 10- 29,"2,610"
2025- 10- 30,"2,605"
2025- 10- 31,"2,570"
2025- 11- 03,"2,495"
2025- 11- 04,"2,565"
2025- 11- 05,"2,635"
2025- 11- 06,"2,620"
2025- 11- 07,"2,670"
2025- 11- 10,"2,590"
2025- 11- 11,"2,565"
2025- 11- 12,"2,540"
2025- 11- 13,"2,525"
2025- 11- 14,"2,645"
2025- 11- 17,"2,580"
2025- 11- 18,"2,670"
2025- 11- 19,"2,685"
2025- 11- 20,"2,630"
2025- 11- 21,"2,740"
2025- 11- 24,"2,740"
2025- 11- 25,"2,725"
2025- 11- 26,"2,650"
2025- 11- 27,"2,630"
2025- 11- 28,"2,670"
2025- 12- 01,"2,675"
2025- 12- 02,"2,620"
2025- 12- 03,"2,590"
2025- 12- 04,"2,600"
2025- 12- 05,"2,550"
2025- 12- 08,"2,515"
2025- 12- 09,"2,530"
2025- 12- 10,"2,535"
2025- 12- 11,"2,555"
2025- 12- 12,"2,515"
2025- 12- 15,"2,575"
2025- 12- 16,"2,630"
2025- 12- 17,"2,580"
2025- 12- 18,"2,610"
2025- 12- 19,"2,600"
2025- 12- 22,"2,535"
2025- 12- 23,"2,525"
2025- 12- 24,"2,525"
2025- 12- 26,"2,505"
2025- 12- 29,"2,440"
2025- 12- 30,"2,430"
2026- 01- 02,"2,360"
2026- 01- 05,"2,275"
2026- 01- 06,"2,235"
2026- 01- 07,"2,220"
2026- 01- 08,"2,220"
2026- 01- 09,"2,200"
2026- 01- 12,"2,190"
2026- 01- 13,"2,160"
2026- 01- 14,"2,150"
2026- 01- 15,"2,115"
2026- 01- 16,"2,090"
2026- 01- 19,"2,060"
2026- 01- 20,"2,080"
2026- 01- 21,"2,060"
2026- 01- 22,"2,040"
2026- 01- 23,"2,025"
2026- 01- 26,"2,050"
2026- 01- 27,"1,975"
2026- 01- 28,"1,941"
2026- 01- 29,"1,919"
2026- 01- 30,"1,914"
2026- 02- 02,"2,030"
2026- 02- 03,"1,867"
2026- 02- 04,"1,844"
2026- 02- 05,"1,922"
2026- 02- 06,"1,943"
2026- 02- 09,"1,861"
2026- 02- 10,"1,859"
2026- 02- 11,"1,843"
2026- 02- 12,"1,777"
2026- 02- 13,"1,778"
2026- 02- 19,"1,725"
2026- 02- 20,"1,685"
2026- 02- 23,"1,674"
2026- 02- 24,"1,632"
2026- 02- 25,"1,599"
2026- 02- 26,"1,528"
2026- 02- 27,"1,544"
2026- 03- 03,"1,665"
2026- 03- 04,"1,871"
2026- 03- 05,"1,691"
2026- 03- 06,"1,694"
2026- 03- 09,"1,801"
2026- 03- 10,"1,689"
2026- 03- 11,"1,670"
2026- 03- 12,"1,682"
2026- 03- 13,"1,711"
2026- 03- 16,"1,686"
2026- 03- 17,"1,652"
2026- 03- 18,"1,556"
2026- 03- 19,"1,604"
2026- 03- 20,"1,607"
2026- 03- 23,"1,714"
2026- 03- 24,"1,660"
2026- 03- 25,"1,640"
2026- 03- 26,"1,695"
2026- 03- 27,"1,703"
2026- 03- 30,"1,756"
2026- 03- 31,"1,834"
2026- 04- 01,"1,666"
2026- 04- 02,"1,749"
2026- 04- 03,"1,695"
