Date,Open,High,Low,Close,Volume,Change
2004-11-24,7388,7702,7388,7692,570550,0.04653061224489785
2004-11-25,7635,7673,7483,7502,481124,-0.024700988039521588
2004-11-26,7607,7702,7521,7559,599656,0.00759797387363359
2004-11-29,7512,7654,7512,7597,307040,0.0050271199894165175
2004-11-30,7691,7720,7558,7721,448390,0.016322232460181718
2004-12-01,7816,7854,7740,7749,900730,0.0036264732547597323
2004-12-02,7843,7891,7720,7778,325512,0.003742418376564638
2004-12-03,7702,7768,7455,7502,798670,-0.03548470043713037
2004-12-06,7464,7464,7341,7388,785482,-0.015195947747267402
2004-12-07,7454,7454,7254,7274,374256,-0.015430427720628082
2004-12-08,7321,7406,7178,7360,540628,0.011822930987077207
2004-12-09,7273,7359,7140,7160,869940,-0.02717391304347827
2004-12-10,7160,7179,6827,6922,878830,-0.03324022346368716
2004-12-13,6932,6979,6789,6827,437554,-0.013724357122218978
2004-12-14,6884,7112,6884,7112,470994,0.04174600849567889
2004-12-15,7217,7388,7217,7388,932690,0.038807649043869574
2004-12-16,7483,7483,7322,7407,423310,0.0025717379534380136
2004-12-17,7406,7454,7292,7322,369536,-0.01147563115971384
2004-12-20,7416,7416,7311,7322,257170,0.0
2004-12-21,7322,7436,7322,7407,452224,0.01160885004097234
2004-12-22,7492,7530,7454,7493,219830,0.011610638585122235
2004-12-23,7558,7558,7368,7417,157558,-0.01014279994661682
2004-12-24,7512,7521,7426,7521,122295,0.01402184171497911
2004-12-27,7558,7568,7482,7550,197650,0.003855870230022651
2004-12-28,7549,7549,7425,7512,305714,-0.005033112582781496
2004-12-29,7331,7436,7283,7426,654644,-0.011448349307774275
2004-12-30,7464,7559,7388,7559,307810,0.017910045785079376
2005-01-03,7588,7740,7578,7730,520480,0.022622039952374662
2005-01-04,7730,7730,7559,7559,492076,-0.022121604139715423
2005-01-05,7512,7512,7360,7369,736996,-0.02513559994708292
2005-01-06,7416,7473,7330,7379,281562,0.0013570362328674257
2005-01-07,7341,7455,7322,7331,215960,-0.006504946469711337
2005-01-10,7301,7387,7254,7293,139897,-0.005183467466921332
2005-01-11,7292,7368,7235,7293,462309,0.0
2005-01-12,7378,7378,7235,7255,303477,-0.005210475798711145
2005-01-13,7254,7263,7130,7160,492311,-0.013094417643004785
2005-01-14,7131,7312,7065,7302,521136,0.01983240223463678
2005-01-17,7301,7321,7216,7217,524244,-0.011640646398247023
2005-01-18,7225,7282,7187,7236,465699,0.002632672855757301
2005-01-19,7301,7520,7244,7512,884370,0.03814262023217241
2005-01-20,7474,7540,7417,7426,625840,-0.011448349307774275
2005-01-21,7416,7558,7397,7531,312837,0.014139509830325858
2005-01-24,7568,7568,7340,7417,427542,-0.015137431947948476
2005-01-25,7350,7369,7131,7131,876942,-0.038560064716192555
2005-01-26,7188,7274,7188,7226,563962,0.01332211471041922
2005-01-27,7178,7282,7178,7255,284505,0.0040132853584278205
2005-01-28,7206,7301,7187,7217,164375,-0.005237767057201914
2005-01-31,7226,7388,7226,7388,435489,0.023694055701815264
2005-02-01,7398,7398,7322,7331,250656,-0.007715213860314041
2005-02-02,7379,7426,7331,7388,350651,0.007775201200381998
2005-02-03,7417,7483,7398,7445,356850,0.007715213860314041
2005-02-04,7463,7596,7435,7550,853770,0.01410342511752849
2005-02-07,7512,7654,7483,7502,421444,-0.006357615894039714
2005-02-11,7435,7634,7397,7588,352524,0.011463609704079003
2005-02-14,7672,7701,7606,7607,510415,0.002503953610964782
2005-02-15,7520,7644,7482,7607,464595,0.0
2005-02-16,7615,7653,7444,7512,296990,-0.012488497436571544
2005-02-17,7502,7512,7417,7445,261840,-0.008919062832800861
2005-02-18,7473,7549,7416,7550,363697,0.01410342511752849
2005-02-21,7558,7606,7463,7588,570920,0.005033112582781385
2005-02-22,7606,7615,7406,7417,328670,-0.02253558249868215
2005-02-23,7417,7455,7331,7369,242500,-0.006471619253067273
2005-02-24,7369,7436,7341,7407,294118,0.005156737684896218
2005-02-25,7368,7473,7368,7455,349662,0.006480356419602984
2005-02-28,7540,7797,7512,7768,1163323,0.04198524480214627
2005-03-02,7939,8224,7901,8130,2240990,0.046601441812564426
2005-03-03,8129,8262,8034,8263,705890,0.016359163591635806
2005-03-04,8319,8357,8224,8263,579521,0.0
2005-03-07,8320,8386,8139,8177,912235,-0.01040784218806734
2005-03-08,8263,8301,8177,8234,645930,0.006970771676654053
2005-03-09,8271,8519,8233,8520,1065092,0.034734029633228136
2005-03-10,8501,8501,8234,8272,789000,-0.029107981220657275
2005-03-11,8320,8367,8253,8310,479090,0.004593810444874169
2005-03-14,8301,8358,8234,8272,361577,-0.004572803850782181
2005-03-15,8301,8405,8082,8082,761927,-0.0229690522243714
2005-03-16,8081,8262,8081,8149,329900,0.00829002722098493
2005-03-17,8092,8187,7949,8177,525940,0.0034360044177199622
2005-03-18,8092,8206,8025,8082,359832,-0.011617952794423347
2005-03-21,8129,8129,7920,7921,409942,-0.01992081168027715
2005-03-22,7920,8005,7882,7978,438160,0.007196061103396101
2005-03-23,7978,7978,7730,7730,472161,-0.0310854850839809
2005-03-24,7748,7843,7691,7778,214586,0.006209573091849885
2005-03-25,7825,7835,7692,7692,204154,-0.011056826947801524
2005-03-28,7796,7882,7748,7883,769052,0.024830993239729482
2005-03-29,7901,7920,7672,7740,392017,-0.018140301915514412
2005-03-30,7711,7768,7597,7597,450170,-0.01847545219638247
2005-03-31,7691,7691,7644,7645,318112,0.00631828353297359
2005-04-01,7587,7739,7587,7740,435825,0.012426422498365008
2005-04-04,7672,7672,7615,7626,243049,-0.014728682170542684
2005-04-06,7634,7758,7596,7759,489030,0.01744033569367942
2005-04-07,7786,7843,7729,7797,367930,0.004897538342570007
2005-04-08,7891,7891,7729,7778,397220,-0.0024368346800051066
2005-04-11,7777,7777,7663,7702,284450,-0.009771149395731538
2005-04-12,7672,7767,7653,7683,143690,-0.002466891716437325
2005-04-13,7682,7796,7682,7759,342310,0.009891969282832314
2005-04-14,7701,7748,7435,7436,448940,-0.04162907591184428
2005-04-15,7540,7540,7407,7445,451190,0.0012103281334050475
2005-04-18,7302,7350,7093,7150,393312,-0.0396239086635326
2005-04-19,7226,7283,7131,7226,443780,0.010629370629370527
2005-04-20,7235,7435,7235,7379,522100,0.021173539994464363
2005-04-21,7301,7435,7187,7417,185788,0.005149749288521521
2005-04-22,7492,7511,7435,7436,406542,0.0025616826210057564
2005-04-25,7406,7492,7330,7379,173126,-0.007665411511565412
2005-04-26,7511,7530,7368,7474,358401,0.012874373221303692
2005-04-27,7511,7511,7301,7379,541450,-0.012710730532512704
2005-04-28,7425,7520,7301,7455,451988,0.010299498577043043
2005-04-29,7359,7397,7273,7322,365837,-0.017840375586854473
2005-05-02,7330,7501,7321,7493,252941,0.023354274788309315
2005-05-03,7511,7530,7359,7493,215890,0.0
2005-05-04,7397,7511,7397,7493,268140,0.0
2005-05-06,7512,7654,7512,7654,552428,0.021486720939543513
2005-05-09,7701,7720,7587,7664,1204920,0.0013065064018813466
2005-05-10,7701,7796,7701,7797,312374,0.01735386221294366
2005-05-11,7701,7796,7672,7778,314886,-0.0024368346800051066
2005-05-12,7701,7748,7701,7702,248992,-0.009771149395731538
2005-05-13,7683,7768,7607,7711,215462,0.0011685276551545165
2005-05-16,7607,7787,7607,7730,417020,0.002464012449747033
2005-05-17,7797,7835,7540,7749,130790,0.00245795601552401
2005-05-18,7796,7834,7720,7778,109620,0.003742418376564638
2005-05-19,7796,7977,7777,7978,379660,0.02571355104139883
2005-05-20,7986,7986,7606,7854,101552,-0.015542742541990506
2005-05-23,7978,7978,7787,7892,37670,0.004838298955946119
2005-05-24,7978,7987,7759,7949,113334,0.007222503801317837
2005-05-25,7948,7977,7882,7902,255100,-0.005912693420556003
2005-05-26,7844,7978,7844,7949,118860,0.005947861300936497
2005-05-27,7986,8072,7939,8035,216290,0.010818970939740824
2005-05-30,8035,8101,7987,8082,200945,0.005849408836340997
2005-05-31,8016,8177,7968,8177,237661,0.011754516208859256
2005-06-01,7997,8168,7997,8139,143900,-0.004647181117769406
2005-06-02,8176,8176,7996,7997,221937,-0.017446860793709273
2005-06-03,8015,8034,7891,7921,227576,-0.009503563836438689
2005-06-07,7921,7959,7844,7844,316311,-0.009720994823885887
2005-06-08,7873,8101,7854,7968,553710,0.015808261091279974
2005-06-09,8035,8215,7978,8215,753983,0.03099899598393585
2005-06-10,8111,8282,8111,8139,258060,-0.009251369446135138
2005-06-13,8157,8252,8129,8130,234056,-0.0011057869517139274
2005-06-14,8130,8177,8035,8101,248874,-0.0035670356703566553
2005-06-15,8130,8177,8035,8177,471228,0.009381557832366383
2005-06-16,8224,8252,8110,8130,365050,-0.0057478292772410455
2005-06-17,8215,8244,8101,8177,523430,0.0057810578105781385
2005-06-20,8233,8328,8224,8320,559530,0.01748807631160565
2005-06-21,8328,8490,8328,8482,581420,0.019471153846153832
2005-06-22,8482,8814,8482,8624,1176097,0.016741334590898438
2005-06-23,8699,8851,8661,8824,926009,0.023191094619666064
2005-06-24,8785,8794,8595,8615,195733,-0.023685403445149578
2005-06-27,8434,8615,8386,8386,262359,-0.026581543818920528
2005-06-28,8376,8500,8319,8396,300352,0.0011924636298592528
2005-06-29,8443,8623,8433,8558,316745,0.019294902334444863
2005-06-30,8462,8785,8462,8748,185832,0.022201448936667534
2005-07-01,8890,8995,8757,8871,389070,0.014060356652949135
2005-07-04,8900,8900,8757,8890,264692,0.0021418103934167654
2005-07-05,8918,8918,8794,8843,184670,-0.005286839145106859
2005-07-06,8890,8928,8776,8776,199750,-0.007576614271174953
2005-07-07,8748,8881,8681,8700,241231,-0.00865998176845939
2005-07-08,8747,8785,8709,8710,135540,0.0011494252873562871
2005-07-11,8776,9033,8776,9033,475710,0.03708381171067732
2005-07-12,9033,9062,8890,8890,406930,-0.015830842466511674
2005-07-13,8985,9138,8890,9128,327349,0.026771653543307128
2005-07-14,9137,9184,9013,9176,551807,0.005258545135845782
2005-07-15,9175,9175,8994,8995,250151,-0.019725370531822106
2005-07-18,9100,9185,9043,9147,445825,0.01689827682045575
2005-07-19,9137,9460,9108,9290,424840,0.015633541051710997
2005-07-20,9393,9431,9004,9081,525013,-0.02249730893433799
2005-07-21,9127,9317,9070,9252,503173,0.01883052527254714
2005-07-22,9203,9365,9137,9347,310950,0.010268050151318597
2005-07-25,9346,9460,9270,9461,376114,0.012196426660960658
2005-07-26,9480,9699,9470,9489,507946,0.00295951802135086
2005-07-27,9604,9794,9499,9746,683002,0.027083991990726197
2005-07-28,9840,9840,9498,9604,743292,-0.014570080032833999
2005-07-29,9650,9983,9507,9889,518380,0.029675135360266447
2005-08-01,9889,10317,9699,10031,776803,0.014359389220345742
2005-08-02,10173,10221,9888,10079,390238,0.0047851659854452055
2005-08-03,9983,10173,9840,9984,327170,-0.009425538247842091
2005-08-04,9840,9935,9422,9423,671934,-0.056189903846153855
2005-08-05,9469,9698,9393,9604,524940,0.01920832006791895
2005-08-08,9508,9651,9394,9508,399750,-0.00999583506872137
2005-08-09,9508,9699,9432,9651,450312,0.015039966344131184
2005-08-10,9745,9793,9507,9699,555190,0.004973577867578571
2005-08-11,9603,9983,9555,9984,507076,0.029384472626043934
2005-08-12,9888,9983,9698,9794,673307,-0.019030448717948678
2005-08-16,9793,9888,9698,9794,420032,0.0
2005-08-17,9556,9699,9508,9651,309410,-0.014600775985297076
2005-08-18,9604,9651,9366,9413,574730,-0.024660656926743352
2005-08-19,9365,9698,9365,9604,333960,0.02029108679485825
2005-08-22,9699,9794,9604,9746,409475,0.014785506039150409
2005-08-23,9840,9935,9793,9889,502151,0.0146726862302482
2005-08-24,9936,9936,9489,9508,692080,-0.038527656992618065
2005-08-25,9423,9746,9375,9651,456766,0.015039966344131184
2005-08-26,9604,9746,9508,9508,324692,-0.014817117397160962
2005-08-29,9366,9508,9347,9375,319710,-0.01398822044594028
2005-08-30,9423,9508,9375,9470,251542,0.010133333333333328
2005-08-31,9374,9603,9374,9480,182053,0.001055966209081216
2005-09-01,9650,9793,9555,9604,316138,0.013080168776371304
2005-09-02,9745,9793,9650,9794,492221,0.01978342357351104
2005-09-05,9888,9888,9650,9889,170426,0.009699816214008505
2005-09-06,9745,10078,9745,9984,360680,0.00960663363333003
2005-09-07,10078,10173,9888,9984,216740,0.0
2005-09-08,10125,10221,9935,10222,633152,0.02383814102564097
2005-09-09,10221,10268,10030,10222,177125,0.0
2005-09-12,10269,10317,10174,10269,320887,0.0045979260418704815
2005-09-13,10317,10935,10126,10697,961061,0.041678839224851494
2005-09-14,10506,11029,10506,11030,632922,0.031130223427129122
2005-09-15,10840,10935,10602,10887,336480,-0.01296464188576607
2005-09-16,10745,10887,10649,10792,186921,-0.008726003490401424
2005-09-20,11030,11077,10792,10982,609116,0.01760563380281699
2005-09-21,10981,11124,10791,10840,590760,-0.012930249499180424
2005-09-22,10745,10840,10602,10697,1012855,-0.013191881918819148
2005-09-23,10601,10696,10316,10317,742605,-0.035523978685612745
2005-09-26,10363,10601,10363,10507,763630,0.018416206261510082
2005-09-27,10554,10649,10364,10554,504042,0.004473208337298917
2005-09-28,10507,10792,10507,10649,1146092,0.009001326511275387
2005-09-29,10744,11124,10696,11125,1937254,0.044699032773030334
2005-09-30,11363,11363,10602,10792,1237301,-0.029932584269662943
2005-10-04,10839,10886,10744,10840,1007921,0.004447739065974732
2005-10-05,10696,10981,10696,10840,986198,0.0
2005-10-06,10648,10648,10411,10507,742849,-0.030719557195571956
2005-10-07,10458,10648,10411,10412,670328,-0.009041591320072317
2005-10-10,10412,10745,10412,10649,661010,0.022762197464464062
2005-10-11,10745,11030,10602,10982,934115,0.03127054183491418
2005-10-12,11124,11219,10696,10840,835605,-0.012930249499180424
2005-10-13,10745,10792,10412,10554,838772,-0.026383763837638408
2005-10-14,10601,10744,10268,10507,594547,-0.004453287852946741
2005-10-17,10459,10602,10317,10364,351872,-0.013609974302845718
2005-10-18,10411,10648,10363,10412,521063,0.004631416441528424
2005-10-19,10411,10458,10173,10222,701680,-0.018248175182481785
2005-10-20,10411,10553,10268,10317,344590,0.009293680297397744
2005-10-21,10269,10887,10222,10887,516684,0.05524861878453047
2005-10-24,10887,10935,10649,10887,505802,0.0
2005-10-25,11029,11124,10553,10745,458724,-0.013043078901442073
2005-10-26,10840,10840,10364,10554,773792,-0.01777570963238717
2005-10-27,10412,10602,10269,10269,478950,-0.02700397953382605
2005-10-28,10173,10268,9983,9984,990030,-0.027753432661408173
2005-10-31,10268,10316,10078,10317,649922,0.03335336538461542
2005-11-01,10459,10792,10364,10697,1391920,0.036832412523020164
2005-11-02,10745,10887,10649,10792,1208631,0.008880994671403242
2005-11-03,10886,10934,10744,10840,481990,0.004447739065974732
2005-11-04,10839,10934,10696,10745,326200,-0.008763837638376404
2005-11-07,10839,10839,10458,10602,470805,-0.013308515588645875
2005-11-08,10601,11219,10601,11125,977270,0.04933031503489915
2005-11-09,11124,11219,10839,11125,685420,0.0
2005-11-10,11125,11315,11030,11315,1366132,0.017078651685393353
2005-11-11,11409,11552,11219,11220,860069,-0.008395934600088362
2005-11-14,11410,11695,11268,11600,1100198,0.033868092691622165
2005-11-15,11599,11837,11552,11648,844091,0.004137931034482678
2005-11-16,11648,11886,11553,11838,777680,0.016311813186813184
2005-11-17,11885,12408,11837,12266,850496,0.036154755870924093
2005-11-18,12550,13073,12360,12504,1575674,0.019403228436328135
2005-11-21,12693,12693,12170,12266,667966,-0.019033909149072326
2005-11-22,12266,12313,11695,11695,1176558,-0.04655144301320724
2005-11-23,11742,13406,11694,12504,1520303,0.06917486105173154
2005-11-24,12598,13026,12312,12694,1129972,0.015195137555982008
2005-11-25,12694,12789,12361,12551,640708,-0.011265164644714054
2005-11-28,12550,12598,12265,12266,714934,-0.022707353995697566
2005-11-29,11981,12218,11648,11695,940368,-0.04655144301320724
2005-11-30,11837,12170,11789,12076,609318,0.032578024796921845
2005-12-01,12028,12218,11838,12028,667549,-0.00397482610135802
2005-12-02,12217,12265,11980,11981,745918,-0.0039075490522114675
2005-12-05,11885,11980,11742,11886,421019,-0.007929221267006126
2005-12-06,11837,12075,11789,11981,637713,0.007992596331819035
2005-12-07,11980,12217,11837,11886,1291648,-0.007929221267006126
2005-12-08,11933,12266,11886,12218,1204290,0.027932020864883
2005-12-09,12312,12360,11837,11886,791911,-0.027173023408086472
2005-12-12,12027,12550,11980,12504,1228105,0.05199394245330646
2005-12-13,12550,12740,12312,12694,821837,0.015195137555982008
2005-12-14,12835,13263,12835,13027,1349056,0.026232865920907456
2005-12-15,13026,13216,12930,13217,593705,0.014585092500191799
2005-12-16,12931,13122,12836,12979,748521,-0.01800711205265948
2005-12-19,12835,13121,12788,13027,395318,0.003698281839895179
2005-12-20,13074,13264,12884,12931,325282,-0.007369309894833753
2005-12-21,12884,13217,12836,12931,594458,0.0
2005-12-22,13027,13027,12646,12646,440292,-0.022040058773490023
2005-12-23,12884,12884,12409,12551,432995,-0.0075122568401075895
2005-12-26,12550,12883,12550,12884,450362,0.02653175045813083
2005-12-27,12884,13169,12884,13074,723611,0.014746972989754692
2005-12-28,12789,12884,12646,12836,373340,-0.01820406914486772
2005-12-29,12835,12883,12503,12599,790305,-0.018463695855406637
2006-01-02,12694,12741,12409,12456,624197,-0.0113501071513612
2006-01-03,12551,12694,12409,12551,836300,0.00762684649967893
2006-01-04,12646,12694,12456,12456,746228,-0.007569117998565855
2006-01-05,12456,12504,12123,12218,569899,-0.01910725754656395
2006-01-06,12218,12599,12218,12551,641957,0.027254869864134834
2006-01-09,12599,12694,12551,12646,692401,0.007569117998565744
2006-01-10,12598,12740,12265,12361,659396,-0.022536770520322658
2006-01-11,12409,12456,12076,12218,607102,-0.011568643313647708
2006-01-12,12217,12408,12170,12171,626466,-0.0038467834342772456
2006-01-13,12170,12408,12170,12409,1198890,0.019554679155369348
2006-01-16,12455,12550,12265,12361,700503,-0.003868160206301874
2006-01-17,12361,12361,11838,11838,608534,-0.04231049267858589
2006-01-18,11694,11789,10886,11220,1152763,-0.052204764318297014
2006-01-19,11219,11409,10981,11220,435672,0.0
2006-01-20,11124,11409,10696,10745,700232,-0.04233511586452765
2006-01-23,10649,10887,10554,10697,805070,-0.004467194043741296
2006-01-24,10934,11552,10744,11553,812245,0.0800224361970645
2006-01-25,11742,11837,11076,11220,1356627,-0.028823682160477815
2006-01-26,11362,11409,11124,11220,667235,0.0
2006-01-27,11409,11980,11314,11886,927780,0.05935828877005345
2006-01-31,11981,12076,11695,11695,416252,-0.016069325256604428
2006-02-01,11552,12075,11552,11981,859128,0.02445489525438216
2006-02-02,12170,12170,11599,12171,462138,0.01585844253401225
2006-02-03,12076,12076,11458,11505,691472,-0.054720236628050256
2006-02-06,11268,11790,11077,11600,772278,0.008257279443720122
2006-02-07,11553,11838,11505,11505,277282,-0.008189655172413768
2006-02-08,11457,11789,11124,11125,383742,-0.03302911777488049
2006-02-09,11268,11505,11172,11505,422898,0.034157303370786485
2006-02-10,11410,11695,11363,11695,389109,0.016514558887440245
2006-02-13,11932,11932,11504,11648,390735,-0.004018811457887961
2006-02-14,11695,11790,11505,11695,293654,0.004035027472527375
2006-02-15,11837,11837,11457,11458,257180,-0.020265070542967112
2006-02-16,11505,11886,11410,11600,438484,0.01239308779891779
2006-02-17,11743,11838,11553,11838,330371,0.020517241379310436
2006-02-20,11694,11932,11647,11886,297480,0.0040547389761784736
2006-02-21,11885,11885,11647,11648,236372,-0.020023557126030656
2006-02-22,11886,11981,11410,11505,548913,-0.012276785714285698
2006-02-23,11647,11789,11552,11743,238480,0.02068665797479352
2006-02-24,11694,11980,11647,11981,452450,0.02026739334071359
2006-02-27,12123,12313,11933,12218,479677,0.01978132042400471
2006-02-28,12266,12313,11981,12313,293891,0.0077754133246030754
2006-03-02,12360,12455,12075,12076,201610,-0.019247949321854918
2006-03-03,11932,12027,11552,11553,576281,-0.04330904272938063
2006-03-06,11553,12218,11363,12218,726860,0.05756080671687003
2006-03-07,12123,12171,11790,11790,202410,-0.03503028318873791
2006-03-08,12027,12170,11789,12171,546290,0.03231552162849871
2006-03-09,12218,12313,12218,12218,435210,0.0038616383205980487
2006-03-10,12170,12265,11742,11886,496928,-0.027173023408086472
2006-03-13,11980,12075,11694,11743,655914,-0.012030960794211731
2006-03-14,11742,11789,11504,11553,505051,-0.016179851826620073
2006-03-15,11648,12076,11648,11933,914711,0.03289188955249722
2006-03-16,11885,12265,11885,12171,661110,0.019944691192491426
2006-03-17,12076,12218,11790,12218,348236,0.0038616383205980487
2006-03-20,12171,12313,12123,12123,390260,-0.0077754133246030754
2006-03-21,12218,12504,12171,12218,949762,0.007836344139239504
2006-03-22,12217,12217,12027,12076,419543,-0.011622196758880321
2006-03-23,12361,12694,12218,12456,1215444,0.031467373302418
2006-03-24,12551,12741,12456,12741,731270,0.022880539499036567
2006-03-27,12741,12789,12456,12646,606840,-0.007456243622949499
2006-03-28,12503,12645,12408,12409,391431,-0.018741103906373513
2006-03-29,12360,12598,12217,12409,421446,0.0
2006-03-30,12550,12788,12503,12694,514910,0.022967201224917355
2006-03-31,12835,13739,12740,13502,1282109,0.06365211911139124
2006-04-03,13691,13929,13549,13550,717360,0.00355502888460979
2006-04-04,13501,13549,13121,13217,786959,-0.024575645756457543
2006-04-05,13216,13453,13121,13122,802084,-0.0071877127941287755
2006-04-06,13263,13453,13121,13407,717333,0.02171925011431175
2006-04-07,13311,13406,13073,13217,693624,-0.014171701350040977
2006-04-10,13216,13263,13026,13122,577649,-0.0071877127941287755
2006-04-11,13121,13216,12883,13122,467021,0.0
2006-04-12,12884,13074,12884,12979,195055,-0.010897729004724854
2006-04-13,13122,13454,13027,13454,663145,0.03659758070729646
2006-04-14,13454,13977,13359,13977,769997,0.03887319756206331
2006-04-17,14024,14214,13691,14025,558450,0.0034342133505043115
2006-04-18,14025,14263,13977,14120,480589,0.006773618538324477
2006-04-19,14358,14358,14025,14215,1250122,0.006728045325778975
2006-04-20,14167,14357,13976,14025,502501,-0.013366162504396817
2006-04-21,14120,14358,14120,14310,581620,0.02032085561497321
2006-04-24,14310,14310,13977,13977,777235,-0.023270440251572322
2006-04-25,13977,14358,13597,13882,517238,-0.0067968805895399775
2006-04-26,13977,14263,13882,14215,958480,0.023987897997406638
2006-04-27,14310,14358,14073,14120,406612,-0.006683081252198408
2006-04-28,14168,14215,13740,13787,407613,-0.023583569405099203
2006-05-02,13740,13977,13645,13787,313500,0.0
2006-05-03,13834,14072,13834,13835,540569,0.003481540581707465
2006-05-04,13834,13929,13739,13930,507294,0.006866642573184034
2006-05-08,14167,14214,13976,14073,665895,0.010265613783201788
2006-05-09,14120,14120,13787,13882,524171,-0.013572088396219706
2006-05-10,13929,13976,13786,13835,366378,-0.003385679296931232
2006-05-11,13787,14025,13692,13977,447390,0.010263823635706437
2006-05-12,13786,13976,13691,13740,321880,-0.01695642841811551
2006-05-15,13739,13739,13406,13502,911161,-0.017321688500727794
2006-05-16,13645,13740,12836,12836,301510,-0.04932602577395939
2006-05-17,12931,13264,12931,13264,330391,0.03334372078529135
2006-05-18,12835,13358,12740,13027,348557,-0.01786791314837155
2006-05-19,13168,13168,12930,13027,222151,0.0
2006-05-22,13168,13168,12360,12361,355323,-0.05112458739540948
2006-05-23,12408,12598,12027,12266,486971,-0.007685462341234572
2006-05-24,12266,12409,12028,12313,431572,0.0038317299853252162
2006-05-25,12360,12360,11552,11648,384827,-0.0540079590676521
2006-05-26,11789,11885,11694,11743,563140,0.008155906593406703
2006-05-29,11885,11885,11647,11648,476946,-0.008089925913310037
2006-05-30,11553,11743,11458,11600,507324,-0.004120879120879106
2006-06-01,11647,11789,11219,11268,398850,-0.028620689655172393
2006-06-02,11410,11505,10887,11077,785738,-0.016950656727014568
2006-06-05,11171,11457,11124,11220,616168,0.012909632571995955
2006-06-07,10935,11220,10935,11077,533704,-0.012745098039215641
2006-06-08,11076,11552,11076,11220,810998,0.012909632571995955
2006-06-09,11268,11410,10649,10982,983990,-0.021212121212121238
2006-06-12,10840,10887,10459,10697,803791,-0.02595155709342556
2006-06-13,10506,10981,10458,10840,682466,0.013368234084322639
2006-06-14,10791,11409,10744,11268,984729,0.03948339483394836
2006-06-15,11458,11743,11363,11695,722023,0.03789492367767133
2006-06-16,11885,12122,11789,12076,465043,0.032578024796921845
2006-06-19,11980,12075,11599,11981,358303,-0.0078668433256045
2006-06-20,11694,11789,11552,11648,373044,-0.027794007178031932
2006-06-21,11743,11790,11458,11505,272388,-0.012276785714285698
2006-06-22,11743,12171,11695,12028,426392,0.04545849630595389
2006-06-23,11981,12028,11600,11600,223259,-0.035583638177585586
2006-06-26,11742,11885,11029,11553,430710,-0.00405172413793109
2006-06-27,11599,11599,11362,11363,353431,-0.01644594477624861
2006-06-28,11172,11363,11125,11172,278030,-0.016808941300712865
2006-06-29,11219,11552,11171,11268,1211476,0.00859291084854985
2006-06-30,11600,11600,11220,11505,1740003,0.02103301384451539
2006-07-03,11552,11647,11362,11648,846210,0.012429378531073398
2006-07-04,11838,11838,11505,11505,465376,-0.012276785714285698
2006-07-05,11171,11647,11171,11553,587720,0.004172099087353276
2006-07-06,11409,11504,11219,11220,527492,-0.028823682160477815
2006-07-07,11410,11410,11030,11077,615010,-0.012745098039215641
2006-07-10,10982,11363,10887,11172,909116,0.00857632933104635
2006-07-11,11171,11267,11171,11220,374616,0.004296455424275036
2006-07-12,11220,11268,11030,11077,593729,-0.012745098039215641
2006-07-13,10982,11410,10887,11315,841050,0.021485961903042305
2006-07-14,11076,11124,10934,10935,584368,-0.03358373840035356
2006-07-18,10935,11030,10554,10554,692163,-0.034842249657064506
2006-07-19,10649,10745,10459,10697,697329,0.013549365169603922
2006-07-20,11030,11125,10935,10982,1289736,0.026642984014209503
2006-07-21,10792,11077,10792,10982,702492,0.0
2006-07-24,10935,11030,10887,10982,398118,0.0
2006-07-25,11220,11600,11172,11505,876177,0.047623383718812695
2006-07-26,11647,11694,11362,11458,436811,-0.0040851803563668465
2006-07-27,11553,11886,11505,11838,683979,0.03316460115203346
2006-07-28,11743,12028,11743,12028,379978,0.01605000844737292
2006-07-31,12171,12409,11933,11933,662573,-0.00789823744595941
2006-08-01,11886,11933,11410,11505,499831,-0.03586692365708544
2006-08-02,11362,11885,11362,11886,260247,0.03311603650586692
2006-08-03,11980,11980,11504,11648,614055,-0.020023557126030656
2006-08-04,11647,11885,11647,11886,441906,0.02043269230769229
2006-08-07,11933,12123,11838,11933,467201,0.003954231869426117
2006-08-08,11932,12265,11837,12266,644680,0.02790580742478843
2006-08-09,12170,12312,11932,12266,487055,0.0
2006-08-10,12217,12217,11789,11886,460239,-0.03097994456220443
2006-08-11,11933,12028,11600,11600,448902,-0.02406192158842335
2006-08-14,11648,11933,11600,11695,389461,0.008189655172413879
2006-08-16,11886,12076,11790,11933,248481,0.020350577169730544
2006-08-17,12027,12217,12027,12076,332074,0.01198357496019442
2006-08-18,12075,12217,11885,12171,251469,0.007866843325604611
2006-08-21,12171,12171,11886,11933,163510,-0.019554679155369348
2006-08-22,12076,12076,11838,11933,443902,0.0
2006-08-23,11932,11932,11599,11648,587352,-0.023883348696891016
2006-08-24,11647,11694,11552,11648,302521,0.0
2006-08-25,11695,11790,11600,11600,321084,-0.004120879120879106
2006-08-28,11600,11695,11458,11600,442659,0.0
2006-08-29,11695,11743,11458,11505,572164,-0.008189655172413768
2006-08-30,11599,11599,11457,11458,304666,-0.0040851803563668465
2006-08-31,11552,11980,11552,11743,456733,0.02487345086402515
2006-09-01,11886,11981,11790,11933,328434,0.016179851826620073
2006-09-04,12028,12076,11743,11790,257116,-0.01198357496019442
2006-09-05,11742,11885,11742,11743,144233,-0.00398642917726888
2006-09-06,11789,11837,11694,11743,282005,0.0
2006-09-07,11695,11790,11600,11790,289301,0.004002384399216519
2006-09-08,11790,11790,11648,11695,342836,-0.008057675996607339
2006-09-11,11694,11742,11362,11363,633383,-0.028388200085506576
2006-09-12,11410,11553,11315,11315,287095,-0.004224236557247241
2006-09-13,11504,11504,11314,11363,160843,0.004242156429518307
2006-09-14,11362,11362,11267,11363,958205,0.0
2006-09-15,11315,11363,11077,11172,973330,-0.016808941300712865
2006-09-18,11172,11220,11030,11077,1274519,-0.008503401360544172
2006-09-19,11030,11172,10935,10982,1276907,-0.00857632933104635
2006-09-20,10982,11030,10792,10887,996434,-0.00865051903114189
2006-09-21,10981,11029,10791,10840,931845,-0.0043170754110406495
2006-09-22,10791,10791,10506,10602,1885978,-0.021955719557195552
2006-09-25,10696,10934,10648,10840,1093715,0.02244859460479165
2006-09-26,10935,10935,10507,10554,1912499,-0.026383763837638408
2006-09-27,10649,10935,10649,10887,2568972,0.031552018192154696
2006-09-28,10934,11267,10886,11220,1566452,0.030586938550564824
2006-09-29,11314,11314,11029,11125,911321,-0.008467023172905486
2006-10-02,11172,11363,10982,11315,706309,0.017078651685393353
2006-10-04,11171,11314,11029,11030,734070,-0.025187803800265085
2006-10-09,11029,11219,10839,10935,1481313,-0.008612873980054392
2006-10-10,10935,11125,10840,10982,610885,0.004298125285779664
2006-10-11,10935,11125,10887,11077,802406,0.00865051903114189
2006-10-12,11076,11267,10981,11030,893730,-0.0042430260900966354
2006-10-13,11172,11220,11030,11172,828474,0.012873980054397105
2006-10-16,11220,11220,11030,11172,822435,0.0
2006-10-17,11268,11315,11030,11077,568206,-0.008503401360544172
2006-10-18,11076,11314,10981,11268,478971,0.01724293581294578
2006-10-19,11267,11314,11124,11125,405707,-0.01269080582179627
2006-10-20,11171,11504,11171,11458,827511,0.029932584269662943
2006-10-23,11600,11600,11363,11410,446687,-0.0041892127770989385
2006-10-24,11553,11648,11505,11600,547540,0.016652059596844904
2006-10-25,11553,11553,11410,11505,355777,-0.008189655172413768
2006-10-26,11458,11505,11268,11315,930541,-0.016514558887440245
2006-10-27,11363,11410,11220,11315,943185,0.0
2006-10-30,11314,11552,11314,11458,667411,0.012638091029606668
2006-10-31,11505,11553,11410,11505,548667,0.004101937510909481
2006-11-01,11600,11600,11458,11600,559512,0.008257279443720122
2006-11-02,11599,11647,11504,11648,323780,0.004137931034482678
2006-11-03,11599,11599,11552,11553,179517,-0.008155906593406592
2006-11-06,11458,11505,11172,11315,744912,-0.02060070977235351
2006-11-07,11362,11457,11171,11268,763194,-0.004153778170570055
2006-11-08,11315,11315,11125,11172,351522,-0.008519701810436597
2006-11-09,11220,11363,11172,11315,931983,0.012799856784819097
2006-11-10,11125,11268,11030,11077,1274348,-0.02103402562969514
2006-11-13,11124,11124,11029,11125,721190,0.004333303240949826
2006-11-14,11124,11171,11029,11125,1101101,0.0
2006-11-15,11220,11268,11077,11077,932222,-0.004314606741573024
2006-11-16,11077,11220,11077,11172,568334,0.00857632933104635
2006-11-17,11172,11220,11125,11172,670013,0.0
2006-11-20,11220,11268,11077,11077,744036,-0.008503401360544172
2006-11-21,11077,11125,11030,11077,604635,0.0
2006-11-22,11125,11220,11077,11172,497226,0.00857632933104635
2006-11-23,11125,11125,10840,10887,1309326,-0.025510204081632626
2006-11-24,10886,11029,10744,11030,468700,0.013134931569762198
2006-11-27,10934,11029,10934,11030,352364,0.0
2006-11-28,10935,10982,10792,10792,634805,-0.021577515865820462
2006-11-29,10887,10982,10840,10982,2222782,0.01760563380281699
2006-11-30,11029,11076,10934,10935,568845,-0.004279730468038645
2006-12-01,10982,11077,10935,10982,728927,0.004298125285779664
2006-12-04,10981,11029,10886,10935,378207,-0.004279730468038645
2006-12-05,11030,11077,10935,10982,2299746,0.004298125285779664
2006-12-06,11029,11076,10934,10935,405538,-0.004279730468038645
2006-12-07,10935,11030,10792,10792,466056,-0.013077274805669892
2006-12-08,10791,10791,10601,10602,396831,-0.017605633802816878
2006-12-11,10649,10840,10649,10792,186669,0.017921146953405076
2006-12-12,10744,10744,10601,10602,373315,-0.017605633802816878
2006-12-13,10553,10934,10553,10935,706572,0.03140916808149408
2006-12-14,10839,11124,10744,11125,962304,0.017375400091449444
2006-12-15,11124,11219,11029,11125,444263,0.0
2006-12-18,11220,11410,11125,11315,631900,0.017078651685393353
2006-12-19,11315,11410,11268,11315,458771,0.0
2006-12-20,11362,11409,11267,11363,932093,0.004242156429518307
2006-12-21,11363,11363,11220,11315,709660,-0.004224236557247241
2006-12-22,11267,11362,11219,11363,489150,0.004242156429518307
2006-12-26,11410,11505,11315,11410,935433,0.004136231628971254
2006-12-27,11171,11171,10981,11030,426598,-0.033304119193689696
2006-12-28,11029,11124,10886,11030,412060,0.0
2007-01-02,11125,11125,10840,10887,360308,-0.01296464188576607
2007-01-03,10886,10981,10839,10840,318537,-0.0043170754110406495
2007-01-04,10840,10840,10697,10792,341243,-0.0044280442804428555
2007-01-05,10792,10840,10602,10649,472603,-0.013250555967383226
2007-01-08,10554,10697,10507,10554,411470,-0.0089210254483989
2007-01-09,10553,10696,10553,10602,364927,0.004548038658328535
2007-01-10,10602,10602,10317,10364,871941,-0.02244859460479154
2007-01-11,10364,10602,10364,10459,666482,0.009166345040524826
2007-01-12,10554,10649,10507,10649,510245,0.018166172674251913
2007-01-15,10744,10744,10601,10745,287541,0.009014930979434732
2007-01-16,10745,10745,10649,10697,134464,-0.004467194043741296
2007-01-17,10744,10934,10648,10935,554910,0.02224922875572588
2007-01-18,10934,11029,10791,11030,286895,0.008687700045724833
2007-01-19,10981,10981,10744,10935,238101,-0.008612873980054392
2007-01-22,10791,10934,10648,10840,297850,-0.008687700045724722
2007-01-23,10744,10934,10696,10935,192210,0.008763837638376293
2007-01-24,10981,11219,10934,11220,584625,0.026063100137174278
2007-01-25,11314,11314,11124,11220,401220,0.0
2007-01-26,11124,11314,11076,11268,572396,0.004278074866310266
2007-01-29,11362,11362,11219,11363,498473,0.00843095491657797
2007-01-30,11363,11458,11220,11410,864686,0.004136231628971254
2007-01-31,11409,11504,11362,11458,782620,0.00420683610867667
2007-02-01,11458,11695,11363,11695,940925,0.0206842380869261
2007-02-02,11838,12551,11743,12551,1884691,0.07319367250961939
2007-02-05,12645,12693,12360,12599,761435,0.003824396462433377
2007-02-06,12456,12504,12076,12123,540757,-0.03778077625208354
2007-02-07,12123,12361,12028,12218,479159,0.007836344139239504
2007-02-08,12170,12408,12122,12361,515676,0.011704043214928683
2007-02-09,12312,12550,12217,12504,631187,0.011568643313647708
2007-02-12,12312,12360,12122,12171,391012,-0.02663147792706333
2007-02-13,12171,12361,12171,12218,376097,0.0038616383205980487
2007-02-14,12361,12551,12361,12456,603475,0.01947945653953176
2007-02-15,12740,13026,12645,12789,1425497,0.026734104046242768
2007-02-16,12930,12930,12693,12789,557503,0.0
2007-02-20,12883,12883,12645,12694,146604,-0.0074282586597858025
2007-02-21,12741,12741,12361,12551,312508,-0.011265164644714054
2007-02-22,12646,12741,12504,12741,487893,0.01513823599713171
2007-02-23,12789,12884,12599,12836,317915,0.007456243622949499
2007-02-26,12789,13217,12694,13169,637745,0.025942661265191624
2007-02-27,13168,13168,12883,12884,595602,-0.02164173437618655
2007-02-28,12170,12503,12075,12409,696456,-0.03686743247438684
2007-03-02,12409,12551,12266,12456,566374,0.0037875735353372075
2007-03-05,12218,12266,12028,12028,439242,-0.0343609505459217
2007-03-06,12122,12265,12075,12266,262083,0.019787163285666765
2007-03-07,12360,12455,12075,12266,346150,0.0
2007-03-08,12217,12455,12170,12266,461047,0.0
2007-03-09,12409,12409,12123,12123,244282,-0.011658242295776944
2007-03-12,12171,12931,12171,12836,625114,0.05881382496081833
2007-03-13,12835,13453,12693,13407,1297267,0.04448426301028352
2007-03-14,13121,13311,12978,13312,961681,-0.007085850675020544
2007-03-15,13454,13454,13122,13264,477332,-0.0036057692307692735
2007-03-16,13311,13311,13073,13122,415570,-0.010705669481302804
2007-03-19,13121,13501,12978,13502,482679,0.028959000152415815
2007-03-20,13502,13740,13502,13692,523000,0.01407198933491327
2007-03-21,13739,13739,13501,13645,371660,-0.0034326614081214846
2007-03-22,13691,13976,13691,13740,730100,0.006962257237083103
2007-03-23,13740,13930,13645,13787,628045,0.003420669577874902
2007-03-26,13786,13976,13644,13835,316050,0.003481540581707465
2007-03-27,13930,13977,13787,13882,277455,0.003397181062522625
2007-03-28,13882,13882,13312,13359,490760,-0.03767468664457574
2007-03-29,13312,13407,13169,13264,383270,-0.007111310726850784
2007-03-30,13358,13501,13121,13312,249320,0.003618817852834688
2007-04-02,13169,13359,13169,13169,429874,-0.0107421875
2007-04-03,13217,13407,13074,13074,566574,-0.00721391145872885
2007-04-04,13263,13263,13026,13027,509985,-0.0035949212176838996
2007-04-05,13026,13026,12645,12789,522732,-0.018269747447608786
2007-04-06,12883,12883,12503,12599,692729,-0.014856517319571494
2007-04-09,12645,12883,12645,12884,603543,0.02262084292404154
2007-04-10,12979,13122,12836,13074,626990,0.014746972989754692
2007-04-11,13121,13216,13026,13122,880228,0.0036714089031666397
2007-04-12,13263,13263,13026,13122,717502,0.0
2007-04-13,13122,13122,12979,13074,380679,-0.0036579789666209006
2007-04-16,12979,13122,12979,13074,480629,0.0
2007-04-17,13121,13121,12930,13027,533403,-0.0035949212176838996
2007-04-18,13122,13454,13027,13359,1492452,0.02548553005296683
2007-04-19,13596,13834,13453,13502,1779403,0.010704394041470167
2007-04-20,13359,13692,13312,13692,1205672,0.01407198933491327
2007-04-23,13691,13786,13311,13407,977675,-0.02081507449605613
2007-04-24,13312,13359,12884,13074,761933,-0.024837771313492962
2007-04-25,12979,13027,12789,12836,891679,-0.01820406914486772
2007-04-26,13074,13407,13027,13359,1295968,0.04074478030539108
2007-04-27,13263,13311,12835,12884,554499,-0.03555655363425403
2007-04-30,12789,13074,12694,13074,401676,0.014746972989754692
2007-05-02,13073,13263,13073,13217,506471,0.010937739024017068
2007-05-03,13311,13311,13121,13217,404852,0.0
2007-05-04,13169,13169,12836,12836,358428,-0.028826511311190184
2007-05-07,12979,12979,12741,12979,364604,0.011140542224992167
2007-05-08,12883,13026,12598,12599,555561,-0.029278064565837147
2007-05-09,12599,12836,12599,12646,487197,0.003730454797999938
2007-05-10,12741,13027,12694,12836,485928,0.015024513680215179
2007-05-11,12836,12931,12646,12741,372561,-0.007401059520099729
2007-05-14,12931,13122,12836,13074,432894,0.02613609606781253
2007-05-15,12930,13121,12883,13027,393639,-0.0035949212176838996
2007-05-16,13073,13406,13026,13407,1154375,0.02917018500038382
2007-05-17,13549,13691,13311,13645,945878,0.017751920638472418
2007-05-18,13596,13596,13406,13407,539612,-0.01744228655185054
2007-05-21,13359,13454,13169,13169,488214,-0.017751920638472418
2007-05-22,13217,13264,12931,12979,619230,-0.0144278229174577
2007-05-23,13121,13406,13026,13027,693977,0.003698281839895179
2007-05-25,13026,13263,12930,13027,576763,0.0
2007-05-28,13121,13311,13026,13027,622091,0.0
2007-05-29,13073,13168,12978,13122,578297,0.007292546250095899
2007-05-30,13122,13122,12884,13074,415057,-0.0036579789666209006
2007-05-31,13263,13406,13121,13407,907066,0.025470399265718147
2007-06-01,13358,13501,13168,13217,1239486,-0.014171701350040977
2007-06-04,13312,13502,13169,13454,1010108,0.01793145191798451
2007-06-05,13549,13834,13406,13550,1642352,0.007135424409097757
2007-06-07,13502,13502,13217,13359,1183917,-0.01409594095940958
2007-06-08,13264,13454,13122,13359,1062693,0.0
2007-06-11,13502,13597,13264,13454,1174546,0.007111310726850784
2007-06-12,13406,13596,13216,13312,673695,-0.010554481938456983
2007-06-13,13264,13407,13074,13074,1130285,-0.017878605769230727
2007-06-14,13169,13217,12741,12931,1723930,-0.010937739024017179
2007-06-15,12930,12978,12550,12694,1483841,-0.018328048874797
2007-06-18,12645,12883,12550,12884,1391004,0.014967701276193512
2007-06-19,12930,12930,12645,12884,1143855,0.0
2007-06-20,12979,13787,12979,13074,4658258,0.014746972989754692
2007-06-21,13169,13502,12931,13454,1717569,0.029065320483402157
2007-06-22,13502,13502,13217,13359,1280332,-0.007061097071502931
2007-06-25,13168,13358,12883,12884,809902,-0.03555655363425403
2007-06-26,12836,12979,12456,12551,867026,-0.025846010555727994
2007-06-27,12646,12694,12266,12313,747481,-0.018962632459564976
2007-06-28,12409,12599,12361,12456,427747,0.011613741573946346
2007-06-29,12598,12740,12550,12694,407472,0.01910725754656384
2007-07-02,12693,12835,12598,12789,369212,0.007483850638096756
2007-07-03,12931,13359,12789,13359,989161,0.04456955195871459
2007-07-04,13358,13453,13073,13407,971791,0.003593083314619383
2007-07-05,13312,13550,13169,13359,858793,-0.003580219288431441
2007-07-06,13550,13930,13407,13882,1820449,0.03914963694887352
2007-07-09,14119,14404,13929,14358,1243589,0.03428900734764451
2007-07-10,14643,15261,14500,15118,1988675,0.052932163253935016
2007-07-11,14976,14976,14548,14643,800651,-0.031419499933853734
2007-07-12,14690,15022,14499,14548,649446,-0.00648774158300891
2007-07-13,14880,15070,14594,14976,621083,0.02941985152598292
2007-07-16,14975,14975,14594,14881,578605,-0.006343482905982856
2007-07-18,15022,15308,14547,14881,1165087,0.0
2007-07-19,15117,15498,14927,15404,883332,0.03514548753443991
2007-07-20,15640,15783,15213,15689,993325,0.01850168787327977
2007-07-23,15688,16972,15498,16830,1427925,0.07272611383772065
2007-07-24,17210,17448,16735,17305,1451330,0.028223410576351693
2007-07-25,17304,17304,16449,16735,997307,-0.03293845709332566
2007-07-26,16830,17496,16592,16925,1049130,0.01135345085150874
2007-07-27,16449,16496,15498,15499,900733,-0.08425406203840469
2007-07-30,15356,16402,15309,15736,1047368,0.015291309116717278
2007-07-31,16164,17115,15879,16925,1340860,0.07555922724961861
2007-08-01,16830,16877,15641,15974,833321,-0.056189069423929094
2007-08-02,16640,16640,15546,15736,1226292,-0.014899211218229569
2007-08-03,15973,16116,15735,16022,1202749,0.01817488561260805
2007-08-06,15498,15545,15022,15214,964513,-0.05043065784546252
2007-08-07,15641,15689,14786,14928,876063,-0.018798475088734112
2007-08-08,15308,15640,15165,15499,915749,0.038250267952840256
2007-08-09,15593,15735,15355,15499,673275,0.0
2007-08-10,15022,15213,14832,14976,659113,-0.0337441125233886
2007-08-13,14880,15308,14832,15309,620645,0.022235576923076872
2007-08-14,15023,15309,14928,15023,435282,-0.018681821150956957
2007-08-16,14452,14547,13549,14358,1280564,-0.04426545962856954
2007-08-17,14263,14358,13454,13787,693855,-0.03976877002368018
2007-08-20,14263,14643,14120,14643,371549,0.062087473707115315
2007-08-21,14833,15023,14310,14405,374553,-0.016253499965854012
2007-08-22,14404,14547,14309,14453,315159,0.003332176327663916
2007-08-23,14737,15213,14737,14881,407494,0.029613229087386728
2007-08-24,15118,15166,14691,15023,185649,0.009542369464417666
2007-08-27,15309,15356,14833,14833,251962,-0.012647274179591328
2007-08-28,15117,15260,14690,15214,195206,0.025685970471246655
2007-08-29,14832,15688,14785,15689,479564,0.03122124359142897
2007-08-30,15784,16069,15689,16069,444680,0.024220791637453054
2007-08-31,16068,16639,15926,16640,517203,0.03553425851017478
2007-09-03,16686,16686,16163,16545,442274,-0.005709134615384581
2007-09-04,16591,16591,16211,16450,325230,-0.005741915986702928
2007-09-05,16355,16545,15641,15736,684350,-0.04340425531914893
2007-09-06,15403,15783,14975,15499,899289,-0.015061006609049299
2007-09-07,15499,15594,14881,15451,752451,-0.0030969739983224276
2007-09-10,15117,15308,14785,15214,370020,-0.015338813021810838
2007-09-11,15308,15355,14547,14548,529131,-0.0437754699618772
2007-09-12,14690,14785,14072,14263,917035,-0.01959032169370356
2007-09-13,14262,14690,14119,14548,574088,0.01998177101591536
2007-09-14,14547,14642,14309,14453,477548,-0.006530107231234483
2007-09-17,14453,14928,14453,14738,422270,0.01971908946239531
2007-09-18,14975,14975,14404,14548,231636,-0.012891844212240433
2007-09-19,15070,15308,14832,15071,954391,0.035949958757217404
2007-09-20,15261,15309,14881,14928,386861,-0.009488421471700592
2007-09-21,15214,15214,14595,14643,576352,-0.019091639871382626
2007-09-27,14881,16164,14833,15974,968354,0.09089667417878844
2007-09-28,15689,16069,15451,15974,501890,0.0
2007-10-01,15974,16307,15974,16164,426241,0.011894328283460709
2007-10-02,16354,16401,15926,16355,829911,0.011816382083642774
2007-10-04,16355,16545,16022,16402,551855,0.002873738917762214
2007-10-05,16306,16449,16021,16355,422433,-0.0028655042068040926
2007-10-08,16449,16591,16306,16307,462636,-0.0029348822989910817
2007-10-09,16212,16212,15927,16164,405923,-0.008769240203593598
2007-10-10,16259,16592,16117,16259,529137,0.005877258104429517
2007-10-11,16402,16545,16164,16402,464805,0.008795128851712963
2007-10-12,16545,16877,16259,16259,1015282,-0.008718448969637804
2007-10-15,16401,16591,15735,16022,532975,-0.01457654222276894
2007-10-16,15831,16258,15545,16212,491102,0.011858694295343808
2007-10-17,16164,16212,15261,15784,953220,-0.02640019738465338
2007-10-18,16117,16259,15689,16259,886677,0.03009376583882406
2007-10-19,16069,16069,15641,15784,647329,-0.02921458884310224
2007-10-22,15214,15451,15071,15451,578717,-0.021097313735428336
2007-10-23,15499,15594,14976,15118,544014,-0.021552003106594997
2007-10-24,15309,15404,14691,14833,546273,-0.018851699960312218
2007-10-25,15023,15261,14691,15023,372710,0.012809276612957499
2007-10-26,15165,15498,15022,15214,470452,0.012713838780536557
2007-10-29,15308,15973,15260,15689,557767,0.03122124359142897
2007-10-30,15499,15641,15071,15356,821143,-0.021225062145452278
2007-10-31,15355,15403,15070,15214,765699,-0.00924719979161237
2007-11-01,15165,15308,14785,15071,955825,-0.009399237544367
2007-11-02,14881,14976,14405,14500,741365,-0.03788733328909821
2007-11-05,14310,14310,13882,13977,630177,-0.03606896551724137
2007-11-06,13881,14214,13881,14073,288617,0.006868426701008845
2007-11-07,14168,15023,14168,14643,793544,0.040503091025367643
2007-11-08,14642,14642,13834,13835,465690,-0.055179949463907696
2007-11-09,13930,14738,13930,14738,623132,0.06526924466931705
2007-11-12,14453,14691,14215,14595,292115,-0.009702809065001983
2007-11-13,14595,15071,14500,14643,328511,0.0032887975334019437
2007-11-14,14880,15165,14737,15166,385738,0.035716724714880854
2007-11-15,15118,15499,15023,15023,294139,-0.009428985889489594
2007-11-16,15214,15356,14833,15118,673570,0.006323637089795664
2007-11-19,15118,15118,14263,14738,737529,-0.02513559994708292
2007-11-20,14263,14595,13977,14120,664379,-0.04193241959560323
2007-11-21,14072,14072,12788,13407,1344307,-0.050495750708215326
2007-11-22,13027,13217,12361,12646,1126476,-0.05676139330200647
2007-11-23,12741,12931,12504,12646,681809,0.0
2007-11-26,12741,13169,12599,13169,611628,0.04135695081448687
2007-11-27,12835,13311,12645,13122,825910,-0.003568987774318466
2007-11-28,13358,13501,13073,13217,451718,0.007239750038103843
2007-11-29,13596,13929,13406,13407,473234,0.014375425588257551
2007-11-30,13597,14025,13359,13692,544449,0.02125755202506152
2007-12-03,13834,13929,12978,13217,837792,-0.034691790826760105
2007-12-04,13122,13359,12789,13169,1205285,-0.0036316864644019287
2007-12-05,13168,13739,13168,13740,499134,0.043359404662464796
2007-12-06,13739,14119,13739,13740,431181,0.0
2007-12-07,13977,14168,13882,14120,353988,0.02765647743813693
2007-12-10,14309,14642,14262,14358,590596,0.016855524079320006
2007-12-11,14691,15404,14453,15118,818240,0.052932163253935016
2007-12-12,14927,15450,14594,15404,668909,0.01891784627596249
2007-12-13,15594,16069,14691,16069,1227265,0.043170605037652576
2007-12-14,15403,15593,14832,15214,815517,-0.05320804032609372
2007-12-17,14881,15071,14691,14833,292657,-0.025042723807019884
2007-12-18,14833,15356,14833,15023,487187,0.012809276612957499
2007-12-20,15117,15403,14642,14976,634562,-0.0031285362444252174
2007-12-21,14880,15308,14737,15309,788022,0.022235576923076872
2007-12-24,15403,15640,15213,15309,281748,0.0
2007-12-26,15355,15403,15022,15309,441833,0.0
2007-12-27,14927,15165,14642,15166,276416,-0.009340910575478478
2007-12-28,15023,15214,14738,14928,221160,-0.015692997494395344
2008-01-02,14738,14928,14168,14500,477050,-0.028670953912111496
2008-01-03,14309,14357,13929,13930,412841,-0.03931034482758622
2008-01-04,14024,14262,13739,14168,488819,0.0170854271356784
2008-01-07,13882,13882,13264,13359,816996,-0.057100508187464705
2008-01-08,13407,13502,13217,13359,589772,0.0
2008-01-09,13122,13597,12979,13597,417704,0.01781570476832095
2008-01-10,13597,13597,13217,13454,805057,-0.010517025814517855
2008-01-11,13454,13502,12979,13264,405087,-0.01412219414300575
2008-01-14,13027,13264,12836,12931,519269,-0.025105548854041038
2008-01-15,12884,12931,12694,12836,463307,-0.007346686257829971
2008-01-16,12883,12978,12645,12884,640079,0.0037394827048924384
2008-01-17,13026,13453,12693,13312,799919,0.03321949705060545
2008-01-18,13121,13596,13026,13407,536549,0.0071364182692308376
2008-01-21,13168,13311,12740,13027,839393,-0.028343402700082065
2008-01-22,12550,12788,12265,12599,751776,-0.032854839947800696
2008-01-23,12836,12884,12313,12456,889259,-0.0113501071513612
2008-01-24,12645,13073,12598,12599,1292072,0.01148041104688513
2008-01-25,12598,12740,12265,12409,932715,-0.015080561949361027
2008-01-28,12361,12361,12123,12218,761321,-0.01539205415424294
2008-01-29,12361,12361,12076,12218,774013,0.0
2008-01-30,12265,12312,11932,12076,409849,-0.011622196758880321
2008-01-31,11885,12217,11742,12171,843065,0.007866843325604611
2008-02-01,12360,12408,12027,12361,850402,0.015610878317311672
2008-02-04,12504,12979,12456,12456,718059,0.007685462341234572
2008-02-05,12504,13074,12504,12931,406776,0.03813423249839443
2008-02-11,12598,12788,12312,12694,456348,-0.018328048874797
2008-02-12,12550,12598,12312,12409,279157,-0.02245155191429027
2008-02-13,12504,12599,12266,12456,348420,0.0037875735353372075
2008-02-14,12645,12645,12075,12409,1195355,-0.003773281952472729
2008-02-15,12313,12456,12123,12456,374740,0.0037875735353372075
2008-02-18,12503,12645,12312,12361,311629,-0.007626846499678819
2008-02-19,12550,12788,12503,12504,298044,0.011568643313647708
2008-02-20,12455,12550,12170,12409,423121,-0.007597568777991004
2008-02-21,12409,12504,12171,12313,509330,-0.007736320412603748
2008-02-22,12217,12312,11837,12076,617166,-0.019247949321854918
2008-02-25,12075,12170,11980,11981,519418,-0.0078668433256045
2008-02-26,12075,12122,11980,12076,326493,0.007929221267006126
2008-02-27,12075,12217,11789,11886,752185,-0.015733686651209
2008-02-28,11886,12123,11743,12028,635723,0.011946828201245152
2008-02-29,11980,11980,11789,11981,571717,-0.0039075490522114675
2008-03-03,11789,12312,11694,12076,911547,0.007929221267006126
2008-03-04,12265,12312,11932,12076,278865,0.0
2008-03-05,12076,12076,11790,11790,277001,-0.02368333885392515
2008-03-06,11790,12123,11695,11790,496128,0.0
2008-03-07,11838,11838,11315,11505,517764,-0.024173027989821905
2008-03-10,11505,11600,11315,11600,444859,0.008257279443720122
2008-03-11,11599,12075,11552,11886,967469,0.024655172413793114
2008-03-12,12265,12312,12075,12076,440193,0.01598519266363785
2008-03-13,12170,12265,11885,12076,424632,0.0
2008-03-14,12170,12265,11789,12076,356057,0.0
2008-03-17,11932,12075,11457,12076,507925,0.0
2008-03-18,12122,12122,11314,11458,621692,-0.05117588605498513
2008-03-19,11837,11980,11314,11458,1043217,0.0
2008-03-20,11314,11409,10886,10935,991233,-0.045644964217140815
2008-03-21,11172,11410,11077,11315,917025,0.03475080018289889
2008-03-24,11410,11553,11268,11410,467155,0.008395934600088362
2008-03-25,11694,12027,11599,11981,980472,0.05004382120946538
2008-03-26,11932,11980,11694,11981,314834,0.0
2008-03-27,11837,11932,11694,11743,247511,-0.019864785911025806
2008-03-28,11600,11886,11458,11600,860490,-0.012177467427403554
2008-03-31,11648,11790,11505,11790,551809,0.016379310344827536
2008-04-01,11789,12360,11694,11981,829388,0.016200169635284034
2008-04-02,12740,13168,12598,12884,1657856,0.07536933478006835
2008-04-03,12979,13122,12694,12979,675056,0.007373486494877346
2008-04-04,12978,13121,12693,13027,631214,0.003698281839895179
2008-04-07,12835,13026,12693,12694,361345,-0.025562293697704797
2008-04-08,12740,12930,12312,12361,447894,-0.026232865920907567
2008-04-10,12218,12646,12218,12456,959996,0.007685462341234572
2008-04-11,12550,13026,12265,12789,954969,0.026734104046242768
2008-04-14,12551,13122,12361,12979,737906,0.014856517319571605
2008-04-15,13073,13644,12835,13550,1061052,0.04399414438708682
2008-04-16,13691,14119,13691,14025,1352081,0.035055350553505615
2008-04-17,14167,14167,13834,13930,977548,-0.006773618538324366
2008-04-18,14025,14168,13692,13882,504119,-0.0034458004307250656
2008-04-21,13977,14120,13787,13787,558979,-0.006843394323584495
2008-04-22,14072,14072,13596,13645,492087,-0.010299557554217742
2008-04-23,13692,14500,13550,14215,942852,0.04177354342249906
2008-04-24,14358,14358,13977,14310,678716,0.006683081252198297
2008-04-25,14595,14976,14453,14643,716619,0.023270440251572433
2008-04-28,14976,15118,14738,14833,300094,0.01297548316601782
2008-04-29,15071,15309,14833,15023,460161,0.012809276612957499
2008-04-30,15309,15879,14976,15356,854968,0.022166012114757327
2008-05-02,15403,15878,15403,15594,720589,0.015498827819744765
2008-05-06,15545,15545,14690,15071,1083255,-0.033538540464281175
2008-05-07,14833,14976,14500,14595,1625762,-0.0315838365071992
2008-05-08,14119,14404,13834,14263,1311019,-0.02274751627269611
2008-05-09,14309,14309,13644,13835,838555,-0.03000771226249732
2008-05-13,13881,14309,13501,14073,753784,0.017202746657029255
2008-05-14,14073,14358,13930,14215,649220,0.010090243729126591
2008-05-15,14119,14547,14072,14548,633492,0.023425958494547983
2008-05-16,14500,14691,14263,14500,515179,-0.003299422601044766
2008-05-19,14358,14738,14310,14738,506770,0.01641379310344826
2008-05-20,14738,14786,14405,14595,199210,-0.009702809065001983
2008-05-21,14547,14547,13596,13930,1060967,-0.04556354916067151
2008-05-22,13834,14024,13644,13835,745708,-0.006819813352476722
2008-05-23,13740,13977,13692,13977,351221,0.010263823635706437
2008-05-26,13835,14405,13787,14120,495566,0.010231093940044289
2008-05-27,14119,14357,14072,14358,347386,0.016855524079320006
2008-05-28,14262,14357,13976,14263,412804,-0.006616520406741877
2008-05-29,14262,14357,14024,14025,466772,-0.016686531585220488
2008-05-30,14073,14263,14073,14215,457963,0.013547237076648733
2008-06-02,14072,14262,13881,14263,350728,0.0033767147379528684
2008-06-03,14119,14167,13691,14025,383928,-0.016686531585220488
2008-06-04,13976,13976,13786,13835,269466,-0.013547237076648844
2008-06-05,13692,13787,13454,13787,981245,-0.003469461510661409
2008-06-09,13644,13739,13311,13407,542633,-0.027562196271850303
2008-06-10,13502,13502,13312,13359,743683,-0.003580219288431441
2008-06-11,13502,13550,13312,13359,298615,0.0
2008-06-12,13454,13454,13264,13359,1027521,0.0
2008-06-13,13550,13597,13359,13597,324698,0.01781570476832095
2008-06-16,13976,13976,13501,13502,437118,-0.006986835331323049
2008-06-17,13692,14073,13502,13787,1114338,0.021107984002370017
2008-06-18,13834,14024,13739,13740,244176,-0.0034090084862551384
2008-06-19,13739,14167,13073,14168,593089,0.031149927219796147
2008-06-20,13786,13786,13216,13217,392969,-0.06712309429700736
2008-06-23,13026,13311,12693,13312,562697,0.0071877127941286645
2008-06-24,12978,13026,12693,12694,293096,-0.046424278846153855
2008-06-25,12693,13216,12645,13122,440407,0.03371671655900421
2008-06-26,13026,13453,12930,13122,327156,0.0
2008-06-27,12883,13358,12788,13312,302243,0.014479500076207907
2008-06-30,13311,13453,12978,13312,354950,0.0
2008-07-01,13312,13312,13027,13169,569762,-0.0107421875
2008-07-02,13168,13216,12693,12884,561489,-0.02164173437618655
2008-07-03,12789,13027,12313,12646,1089528,-0.018472524060850648
2008-07-04,12504,12599,11743,11933,1172275,-0.05638146449470183
2008-07-07,11647,11742,11267,11458,1166298,-0.039805581161484915
2008-07-08,11409,11504,10839,11125,832908,-0.029062663641124087
2008-07-09,11363,11410,11077,11077,467552,-0.004314606741573024
2008-07-10,10982,11600,10792,11410,819180,0.030062291234088656
2008-07-11,11599,11980,11219,11981,1011381,0.05004382120946538
2008-07-14,11695,11886,11410,11505,585805,-0.03972957182205161
2008-07-15,11553,11553,10887,10982,802673,-0.04545849630595389
2008-07-16,10982,11315,10697,10887,824701,-0.00865051903114189
2008-07-17,11220,11220,10792,10792,799154,-0.008726003490401424
2008-07-18,10981,11076,10744,10840,641703,0.004447739065974732
2008-07-21,11030,11648,10935,11505,1338584,0.061346863468634716
2008-07-22,11553,11600,11315,11410,382014,-0.008257279443720122
2008-07-23,11743,11981,11695,11933,768078,0.04583698510078871
2008-07-24,12027,12122,11789,11981,563219,0.0040224587278974155
2008-07-25,11553,12028,11553,12028,317553,0.00392287788999246
2008-07-28,12028,12123,11553,11838,706174,-0.01579647489191882
2008-07-29,11505,11600,11268,11410,428987,-0.036154755870924093
2008-07-30,11695,12171,11648,12028,887832,0.05416301489921116
2008-07-31,12313,12313,11458,11790,1305024,-0.019787163285666765
2008-08-01,11600,11695,11363,11695,510066,-0.008057675996607339
2008-08-04,11695,11743,11363,11505,382943,-0.01624625908507904
2008-08-05,11505,11933,11268,11315,1592606,-0.016514558887440245
2008-08-06,11647,12170,11552,11886,1192034,0.050463985859478644
2008-08-07,11932,11932,11267,11553,1076880,-0.02801615345784958
2008-08-08,11363,11458,11172,11410,1198420,-0.012377737384229204
2008-08-11,11647,11742,11457,11458,720424,0.00420683610867667
2008-08-12,11505,11553,11363,11410,516412,-0.0041892127770989385
2008-08-13,11315,11458,11268,11410,618139,0.0
2008-08-14,11267,11599,11219,11458,604201,0.00420683610867667
2008-08-18,11504,11742,11504,11648,633141,0.01658230057601684
2008-08-19,11648,11695,11363,11600,525870,-0.004120879120879106
2008-08-20,11409,11694,11409,11458,361733,-0.012241379310344858
2008-08-21,11505,11505,11268,11410,403842,-0.0041892127770989385
2008-08-22,11457,11457,11124,11268,472858,-0.012445223488168233
2008-08-25,11315,11410,11220,11315,330372,0.004171104011359672
2008-08-26,11172,11505,11125,11410,478704,0.008395934600088362
2008-08-27,11410,11600,11363,11410,494928,0.0
2008-08-28,11505,11600,11410,11505,472196,0.008326029798422452
2008-08-29,11695,11743,11505,11600,758840,0.008257279443720122
2008-09-01,11505,11648,11410,11505,683807,-0.008189655172413768
2008-09-02,11457,11599,10696,10745,1148224,-0.06605823554976098
2008-09-03,10696,11029,10648,10840,1224094,0.008841321544904579
2008-09-04,10886,11124,10696,11125,777562,0.0262915129151291
2008-09-05,10839,10934,10744,10840,758777,-0.02561797752808992
2008-09-08,11171,11409,10981,11220,3405787,0.035055350553505615
2008-09-09,11219,11362,11076,11268,1044186,0.004278074866310266
2008-09-10,11220,11505,11125,11410,837639,0.01260205892793742
2008-09-11,11410,11458,11077,11077,1179671,-0.029184925503943915
2008-09-12,11314,11552,11267,11458,656267,0.03439559447503826
2008-09-16,10459,10982,10459,10554,1345733,-0.07889684063536395
2008-09-17,10792,11125,10745,10887,999054,0.031552018192154696
2008-09-18,10601,10601,9793,10079,1912605,-0.07421695600257183
2008-09-19,10459,10745,10174,10174,1904768,0.009425538247842091
2008-09-22,10412,10507,9746,9936,2165543,-0.02339296245331235
2008-09-23,9746,10222,9746,10174,1132683,0.023953301127214166
2008-09-24,10126,10317,10031,10269,1330932,0.009337527029683601
2008-09-25,10221,10363,10030,10317,773777,0.004674262342974078
2008-09-26,10364,10364,10031,10126,750473,-0.01851313366288654
2008-09-29,10317,10317,9984,10174,913038,0.004740272565672443
2008-09-30,9650,10078,9507,10079,869046,-0.00933752702968349
2008-10-01,10173,10173,9935,9984,3518891,-0.009425538247842091
2008-10-02,10078,10125,9498,9604,1122247,-0.03806089743589747
2008-10-06,9451,9451,9052,9128,887190,-0.04956268221574345
2008-10-07,8823,9137,8747,8995,1111868,-0.014570552147239235
2008-10-08,8700,8748,7759,8006,1145967,-0.1099499722067816
2008-10-09,7843,8899,7805,8244,1233999,0.029727704221833573
2008-10-10,7797,8206,7226,7863,1928323,-0.046215429403202335
2008-10-13,7997,8748,7997,8700,1982692,0.10644792064097675
2008-10-14,9194,9308,8851,9119,2442759,0.04816091954022994
2008-10-15,8899,8927,8519,8653,1430819,-0.051102094527908815
2008-10-16,7892,8006,7379,7749,1514998,-0.1044724373049809
2008-10-17,7891,7891,7330,7531,1466053,-0.028132662279003795
2008-10-20,7796,7891,7473,7797,975170,0.03532067454521304
2008-10-21,7892,7911,7626,7654,549592,-0.018340387328459662
2008-10-22,7758,8072,7387,7436,1102268,-0.0284818395610138
2008-10-23,6703,7131,6504,6941,1965688,-0.06656804733727806
2008-10-24,6941,7131,6371,7131,1486782,0.02737357729433798
2008-10-27,7103,7417,6780,7131,1281427,0.0
2008-10-28,6808,7512,6808,7331,821775,0.0280465572850932
2008-10-29,7615,7748,6237,6276,1447624,-0.14390942572636745
2008-10-30,6799,6979,5334,6323,11738925,0.007488846398980176
2008-10-31,6247,6371,5781,6123,5368254,-0.03163055511624224
2008-11-03,6027,6322,5970,6095,4596907,-0.00457292177037405
2008-11-04,6123,6846,6123,6846,4202709,0.12321575061525847
2008-11-05,7321,7872,7178,7512,4406346,0.09728308501314631
2008-11-06,7073,7130,6389,6390,2026969,-0.14936102236421722
2008-11-07,6113,6731,6037,6732,2206712,0.05352112676056331
2008-11-10,6713,6761,6190,6285,2966768,-0.06639928698752229
2008-11-11,6209,6694,6104,6551,2093226,0.042322991249005515
2008-11-12,6276,6494,6238,6437,973553,-0.017401923370477745
2008-11-13,5970,6199,5923,6152,1372254,-0.044275283517166364
2008-11-14,6417,6446,6151,6200,959103,0.007802340702210753
2008-11-17,6095,6599,6057,6247,1261301,0.007580645161290311
2008-11-18,6133,6276,6104,6123,1090479,-0.019849527773331155
2008-11-19,6228,6228,6009,6228,876494,0.01714845663890241
2008-11-20,5895,6114,5562,5562,857127,-0.10693641618497107
2008-11-21,5229,5685,4867,5610,1740626,0.008629989212513456
2008-11-24,5447,5552,4858,4859,3292218,-0.13386809269162214
2008-11-25,5162,5238,4848,4916,1920340,0.01173080880839672
2008-11-26,5011,5600,4954,5524,3613306,0.12367778681855168
2008-11-27,5752,6056,5561,5753,2638546,0.041455467052860184
2008-11-28,5847,6008,5723,5753,1030865,0.0
2008-12-01,5857,5905,5619,5629,1203199,-0.021553971840778674
2008-12-02,5135,5534,5135,5467,1037930,-0.028779534553206587
2008-12-03,5658,5829,5572,5705,1426759,0.0435339308578746
2008-12-04,5847,5875,5295,5325,2278038,-0.0666082383873795
2008-12-05,5324,5409,5191,5249,2866607,-0.014272300469483579
2008-12-08,5343,5685,5276,5658,2534121,0.0779196037340446
2008-12-09,5780,5866,5657,5753,2406375,0.016790385295157195
2008-12-10,5742,6246,5638,6095,3835669,0.059447244915696196
2008-12-11,6103,6522,6046,6371,4076951,0.04528301886792452
2008-12-12,6179,6208,5704,5943,2103588,-0.06717940668654843
2008-12-15,6066,6276,6038,6180,1911345,0.03987884906612815
2008-12-16,6179,6322,6037,6295,1608214,0.01860841423948223
2008-12-17,6580,6684,6114,6323,2730201,0.00444797458300239
2008-12-18,6398,6617,6341,6504,2615785,0.028625652380199318
2008-12-19,6560,6655,6398,6466,1839109,-0.005842558425584232
2008-12-22,6484,6503,6237,6257,1828333,-0.03232291988864833
2008-12-23,6170,6199,5847,5848,2225546,-0.0653667891961004
2008-12-24,5799,5847,5533,5658,2049346,-0.03248974008207939
2008-12-26,5704,5771,5618,5715,1697292,0.010074231177094273
2008-12-29,5466,5552,5333,5496,1282417,-0.038320209973753294
2008-12-30,5543,5648,5467,5534,1097406,0.006914119359534121
2009-01-02,5553,5629,5353,5629,1167878,0.017166606432959863
2009-01-05,5781,6180,5743,6066,3486186,0.0776336827145141
2009-01-06,6085,6142,5895,6009,2486708,-0.009396636993076135
2009-01-07,6037,6227,5961,6171,2892153,0.026959560659011395
2009-01-08,6027,6113,5961,6057,1679416,-0.01847350510452117
2009-01-09,6133,6209,5819,5895,2228058,-0.026745913818722156
2009-01-12,5828,5837,5638,5715,1316607,-0.03053435114503822
2009-01-13,5628,5771,5533,5772,1385358,0.009973753280839937
2009-01-14,5724,5876,5658,5838,1010546,0.011434511434511352
2009-01-15,5581,5658,5496,5562,1335550,-0.04727646454265155
2009-01-16,5572,5705,5486,5705,1081248,0.02571017619561311
2009-01-19,5752,5904,5704,5905,1466846,0.03505696757230492
2009-01-20,5799,5856,5666,5810,1097739,-0.0160880609652837
2009-01-21,5590,5799,5466,5658,1679821,-0.02616179001721175
2009-01-22,5790,5866,5733,5772,1721207,0.020148462354188768
2009-01-23,5742,5752,5628,5696,763075,-0.013167013167013186
2009-01-28,5800,6047,5800,5990,1893512,0.051615168539325795
2009-01-29,6066,6190,5952,6009,1794452,0.0031719532554257412
2009-01-30,5894,6018,5818,6019,777067,0.0016641704110500477
2009-02-02,5923,6008,5828,5829,864268,-0.03156670543279616
2009-02-03,5886,6009,5743,5914,1060455,0.014582261108251782
2009-02-04,5990,6218,5952,6190,2413802,0.04666892120392285
2009-02-05,6250,6280,6160,6220,957608,0.004846526655896577
2009-02-06,6350,6360,6150,6220,754129,0.0
2009-02-09,6380,6380,6260,6340,724195,0.019292604501607746
2009-02-10,6330,6430,6200,6340,711677,0.0
2009-02-11,6150,6180,6110,6150,853021,-0.029968454258675115
2009-02-12,6130,6200,6070,6200,993094,0.008130081300812941
2009-02-13,6190,6300,6100,6300,751150,0.016129032258064502
2009-02-16,6230,6290,6130,6180,678982,-0.01904761904761909
2009-02-17,6110,6130,5900,5910,843562,-0.043689320388349495
2009-02-18,5810,5890,5690,5870,841724,-0.006768189509306244
2009-02-19,5770,5900,5700,5790,991623,-0.013628620102214661
2009-02-20,5700,5780,5350,5410,946970,-0.0656303972366149
2009-02-23,5270,5370,5210,5300,1775724,-0.020332717190388205
2009-02-24,5120,5150,5020,5040,1307067,-0.049056603773584895
2009-02-25,5200,5220,5050,5050,1031320,0.001984126984126977
2009-02-26,5150,5220,4960,4990,1153601,-0.011881188118811892
2009-02-27,5010,5220,4990,5180,1700441,0.038076152304609145
2009-03-02,5060,5080,4970,4985,1050979,-0.037644787644787625
2009-03-03,4860,5150,4840,5100,1343839,0.02306920762286868
2009-03-04,5080,5160,4980,5140,1508562,0.007843137254901933
2009-03-05,5150,5170,4975,4995,1221977,-0.02821011673151752
2009-03-06,4960,5030,4945,4995,1010388,0.0
2009-03-09,5060,5200,4995,5200,1088664,0.041041041041041115
2009-03-10,5120,5850,5080,5600,4984926,0.07692307692307687
2009-03-11,5800,5810,5560,5590,3131633,-0.0017857142857142794
2009-03-12,5600,5600,5380,5500,1882663,-0.01610017889087656
2009-03-13,5650,5680,5480,5520,2197102,0.0036363636363636598
2009-03-16,5520,5670,5500,5530,1450551,0.0018115942028984477
2009-03-17,5680,5940,5630,5900,2587848,0.06690777576853524
2009-03-18,6060,6060,5800,5930,1472908,0.005084745762711895
2009-03-19,6020,6030,5770,5900,1160756,-0.005059021922428353
2009-03-20,5840,5940,5730,5800,977996,-0.016949152542372836
2009-03-23,5860,6060,5820,6020,1629020,0.037931034482758585
2009-03-24,6350,6420,6130,6200,2362382,0.029900332225913706
2009-03-25,5920,6020,5860,5990,4155970,-0.03387096774193543
2009-03-26,6050,6160,5910,6160,3076325,0.028380634390651194
2009-03-27,6170,6180,5860,5920,3299443,-0.038961038961038974
2009-03-30,5880,5920,5720,5760,2495615,-0.027027027027026973
2009-03-31,5770,5950,5740,5880,1844627,0.02083333333333326
2009-04-01,5970,6060,5910,6060,2454919,0.030612244897959107
2009-04-02,6160,6620,6110,6510,6561668,0.07425742574257432
2009-04-03,6690,7130,6440,6950,7295710,0.06758832565284179
2009-04-06,7000,7460,6980,7300,4831777,0.050359712230215736
2009-04-07,7210,7400,7090,7400,2282198,0.013698630136986356
2009-04-08,7200,7250,7000,7000,2026136,-0.05405405405405406
2009-04-09,7130,7680,7130,7500,4581137,0.0714285714285714
2009-04-10,7900,8170,7660,7900,5043775,0.05333333333333323
2009-04-13,8000,8030,7740,7870,2344289,-0.0037974683544304
2009-04-14,8150,8150,7820,7890,2680112,0.0025412960609911828
2009-04-15,7650,7680,7260,7410,3504269,-0.06083650190114065
2009-04-16,7640,7680,7150,7200,4340795,-0.028340080971659964
2009-04-17,7300,7310,7070,7170,2097970,-0.004166666666666652
2009-04-20,7140,7330,6980,7300,3030375,0.018131101813110284
2009-04-21,7010,7150,6980,7150,2844238,-0.020547945205479423
2009-04-22,7240,7280,7080,7200,2313593,0.006993006993007089
2009-04-23,7170,7200,7050,7150,1563663,-0.00694444444444442
2009-04-24,7240,7420,7110,7150,4782041,0.0
2009-04-27,7200,7260,6890,6900,2845623,-0.034965034965035
2009-04-28,6820,6920,6450,6600,2884651,-0.04347826086956519
2009-04-29,6580,6830,6550,6820,1721402,0.03333333333333344
2009-04-30,6930,7330,6920,7030,3991381,0.030791788856304958
2009-05-04,7240,7500,7190,7340,8130394,0.04409672830725464
2009-05-06,7380,7450,7230,7370,3981628,0.004087193460490468
2009-05-07,7600,7800,7530,7600,4794536,0.031207598371777445
2009-05-08,7560,7880,7520,7880,2859975,0.03684210526315779
2009-05-11,7970,8250,7800,8100,4540130,0.027918781725888353
2009-05-12,7920,8000,7830,7900,2507545,-0.024691358024691357
2009-05-13,7900,7990,7820,7900,1843576,0.0
2009-05-14,7720,7750,7590,7690,2231522,-0.02658227848101269
2009-05-15,7820,8040,7680,8000,1952827,0.04031209362808852
2009-05-18,7900,8020,7720,7950,1578214,-0.006249999999999978
2009-05-19,8260,8300,8030,8050,3695506,0.012578616352201255
2009-05-20,8000,8170,7970,8090,1969064,0.00496894409937898
2009-05-21,8000,8140,7900,8000,2343696,-0.011124845488257096
2009-05-22,7860,8170,7840,7970,2363476,-0.003750000000000031
2009-05-25,7860,7970,7000,7820,2338222,-0.01882057716436636
2009-05-26,7890,7900,7610,7700,1545714,-0.01534526854219953
2009-05-27,7870,7930,7550,7550,2506537,-0.01948051948051943
2009-05-28,7440,7720,7440,7720,1720002,0.02251655629139071
2009-05-29,7710,7870,7640,7760,1262146,0.005181347150259086
2009-06-01,7820,7960,7700,7960,1399932,0.025773195876288568
2009-06-02,8110,8120,7940,7970,2252394,0.0012562814070351536
2009-06-03,8000,8120,7970,8060,1721663,0.01129234629861986
2009-06-04,8060,8080,7960,7970,2035035,-0.011166253101737023
2009-06-05,8170,8350,8130,8350,3532326,0.04767879548306153
2009-06-08,8430,8870,8430,8650,3736401,0.03592814371257491
2009-06-09,8900,9020,8610,8650,2840825,0.0
2009-06-10,8660,8900,8600,8820,1783053,0.01965317919075149
2009-06-11,8820,8930,8680,8770,1990957,-0.005668934240362855
2009-06-12,8790,9000,8790,8950,1623369,0.020524515393386622
2009-06-15,8950,8960,8800,8920,1272296,-0.003351955307262622
2009-06-16,8890,9060,8800,8840,1303718,-0.008968609865470878
2009-06-17,8810,9120,8750,9120,2114656,0.03167420814479649
2009-06-18,9130,9500,9080,9280,3314477,0.01754385964912286
2009-06-19,9390,9440,9170,9310,1327774,0.003232758620689724
2009-06-22,9320,9350,9050,9260,1247220,-0.00537056928034374
2009-06-23,8950,9050,8700,8850,1731051,-0.04427645788336931
2009-06-24,8860,8900,8420,8650,2130101,-0.02259887005649719
2009-06-25,8650,8990,8600,8930,2785707,0.032369942196531776
2009-06-26,9000,9000,8590,8620,2390205,-0.034714445688689755
2009-06-29,8600,8630,8490,8490,1384937,-0.015081206496519672
2009-06-30,8570,8820,8560,8750,1758967,0.03062426383981154
2009-07-01,8680,9190,8680,9140,3138140,0.044571428571428484
2009-07-02,9200,9220,9000,9180,1345768,0.004376367614879584
2009-07-03,8980,9530,8980,9350,2076288,0.0185185185185186
2009-07-06,9450,9540,9330,9500,1495349,0.016042780748663166
2009-07-07,9590,10000,9570,9980,2286540,0.05052631578947375
2009-07-08,9920,10400,9890,10150,3883917,0.017034068136272618
2009-07-09,10100,10400,9970,10300,2325046,0.014778325123152802
2009-07-10,10450,10600,10300,10600,2049149,0.029126213592232997
2009-07-13,10500,10500,9710,9710,2988410,-0.08396226415094343
2009-07-14,10050,10150,9770,9910,1794102,0.020597322348094638
2009-07-15,10050,10400,10000,10300,1600854,0.039354187689202735
2009-07-16,10500,10550,10050,10200,1644338,-0.009708737864077666
2009-07-17,10300,10400,9950,10050,1623300,-0.014705882352941124
2009-07-20,10100,10350,10100,10350,1005023,0.029850746268656803
2009-07-21,10600,10600,10350,10500,1210230,0.01449275362318847
2009-07-22,10500,10550,10200,10450,1231848,-0.004761904761904745
2009-07-23,10400,11300,10300,11050,3094791,0.05741626794258381
2009-07-24,11250,11300,10800,10900,1533276,-0.013574660633484115
2009-07-27,11050,11100,10900,10950,1743728,0.004587155963302836
2009-07-28,10900,11050,10850,11050,1089380,0.009132420091324311
2009-07-29,11150,11500,11050,11400,1542121,0.03167420814479649
2009-07-30,11350,11550,11150,11550,1116612,0.013157894736842035
2009-07-31,11600,11750,11450,11700,1362855,0.01298701298701288
2009-08-03,11650,11950,11550,11900,924706,0.017094017094017033
2009-08-04,11950,12000,11300,11450,2106283,-0.037815126050420145
2009-08-05,11450,11700,11350,11450,1179128,0.0
2009-08-06,11300,11600,11300,11450,1077149,0.0
2009-08-07,11550,11950,11400,11950,1535626,0.04366812227074246
2009-08-10,12000,12300,11950,12250,1400186,0.025104602510460206
2009-08-11,12150,12300,11900,11900,1403196,-0.02857142857142858
2009-08-12,11800,11800,11400,11550,1301200,-0.02941176470588236
2009-08-13,11800,11950,11700,11700,1163613,0.01298701298701288
2009-08-14,11900,12250,11900,12050,1563687,0.029914529914529808
2009-08-17,11950,12000,11500,11550,1138025,-0.04149377593360992
2009-08-18,11300,11650,11200,11550,1087817,0.0
2009-08-19,11600,11750,11100,11550,1915858,0.0
2009-08-20,11650,12200,11600,12200,2138218,0.05627705627705626
2009-08-21,12300,12350,11950,12100,1557515,-0.008196721311475419
2009-08-24,12450,12600,12350,12400,1953896,0.024793388429751984
2009-08-25,12200,12300,12000,12050,921900,-0.028225806451612878
2009-08-26,12050,12100,11950,12000,606926,-0.004149377593360981
2009-08-27,11900,11950,11450,11550,1582618,-0.03749999999999998
2009-08-28,11650,11700,11400,11500,772600,-0.0043290043290042934
2009-08-31,11550,11600,11150,11250,1140491,-0.021739130434782594
2009-09-01,11200,11550,11050,11350,902846,0.008888888888888946
2009-09-02,11000,11450,10850,11200,1167426,-0.013215859030836996
2009-09-03,11250,12100,11250,12000,2172105,0.0714285714285714
2009-09-04,12050,12100,11550,11550,1048285,-0.03749999999999998
2009-09-07,11650,11700,11150,11150,1237252,-0.03463203463203468
2009-09-08,11250,11500,11250,11350,917236,0.017937219730941756
2009-09-09,11350,11600,11250,11450,831285,0.008810572687224738
2009-09-10,11600,12000,11550,12000,2521454,0.048034934497816595
2009-09-11,12000,12250,11850,12000,1827834,0.0
2009-09-14,12200,12400,12050,12250,1334936,0.02083333333333326
2009-09-15,12300,12800,12300,12800,2149827,0.044897959183673564
2009-09-16,12850,13500,12800,13400,1975996,0.046875
2009-09-17,13700,13950,12950,13400,1660408,0.0
2009-09-18,13550,13700,13150,13700,1787499,0.02238805970149249
2009-09-21,13500,13600,13100,13100,1356374,-0.04379562043795615
2009-09-22,13350,13350,13000,13050,874053,-0.003816793893129722
2009-09-23,13050,13200,12650,12900,1088519,-0.011494252873563204
2009-09-24,13000,13000,12700,12950,1020457,0.003875968992248069
2009-09-25,12800,12800,12400,12600,795988,-0.027027027027026973
2009-09-28,12500,12550,12300,12500,518803,-0.007936507936507908
2009-09-29,12600,12800,12450,12600,1343340,0.008000000000000007
2009-09-30,12800,13200,12750,13100,2434015,0.039682539682539764
2009-10-01,13150,13200,12850,13000,1097390,-0.007633587786259555
2009-10-05,12750,13050,12700,13000,1735089,0.0
2009-10-06,13200,13450,13100,13450,2222821,0.034615384615384714
2009-10-07,13650,13700,13300,13500,1121531,0.0037174721189590088
2009-10-08,13600,13650,13250,13500,1077972,0.0
2009-10-09,13500,13950,13500,13900,1528426,0.029629629629629672
2009-10-12,14050,14100,13700,13900,695932,0.0
2009-10-13,13850,13850,13300,13400,1041376,-0.03597122302158273
2009-10-14,13300,14000,13250,14000,1472771,0.04477611940298498
2009-10-15,14050,14350,13850,14050,1224841,0.0035714285714285587
2009-10-16,13850,14450,13850,14300,1364833,0.017793594306049876
2009-10-19,14400,14400,13950,14250,570495,-0.0034965034965035446
2009-10-20,14350,14350,13950,14150,643276,-0.007017543859649145
2009-10-21,14000,14350,14000,14100,474558,-0.0035335689045936647
2009-10-22,14000,14100,13750,13900,901798,-0.014184397163120588
2009-10-23,13950,14300,13950,14300,1094493,0.02877697841726623
2009-10-26,14250,14500,14250,14450,740546,0.010489510489510412
2009-10-27,14550,14550,14100,14100,1151720,-0.02422145328719727
2009-10-28,14250,14250,13900,14200,611341,0.007092198581560183
2009-10-29,13950,14200,13650,13700,892435,-0.035211267605633756
2009-10-30,13950,14100,13700,13750,918154,0.0036496350364962904
2009-11-02,13300,13600,13150,13500,922929,-0.018181818181818188
2009-11-03,13400,13450,12800,12850,837388,-0.04814814814814816
2009-11-04,12850,13350,12600,13350,955281,0.03891050583657596
2009-11-05,13500,13600,13300,13450,747888,0.0074906367041198685
2009-11-06,13650,13900,13500,13650,983118,0.014869888475836479
2009-11-09,13750,13900,13450,13600,886773,-0.00366300366300365
2009-11-10,13700,13850,13500,13600,857444,0.0
2009-11-11,13750,13800,13200,13800,773165,0.014705882352941124
2009-11-12,13800,13850,13600,13600,732543,-0.01449275362318836
2009-11-13,13800,13850,13450,13800,535005,0.014705882352941124
2009-11-16,13900,14050,13800,13950,967284,0.010869565217391353
2009-11-17,14000,14050,13750,13850,429356,-0.007168458781361964
2009-11-18,13900,14150,13550,13750,1501742,-0.0072202166064981865
2009-11-19,13750,13850,13650,13850,873580,0.0072727272727273196
2009-11-20,13800,13800,13650,13650,408498,-0.014440433212996373
2009-11-23,13650,13800,13500,13700,616525,0.00366300366300365
2009-11-24,13700,13700,13400,13500,577437,-0.014598540145985384
2009-11-25,13600,13600,13350,13600,505889,0.007407407407407307
2009-11-26,13500,13550,13150,13150,306431,-0.03308823529411764
2009-11-27,12800,12950,11900,11900,1076570,-0.09505703422053235
2009-11-30,12400,13200,12250,12750,1020940,0.0714285714285714
2009-12-01,12750,13050,12650,13050,505854,0.0235294117647058
2009-12-02,13100,13300,12850,12900,992636,-0.011494252873563204
2009-12-03,12950,13150,12900,13050,454073,0.011627906976744207
2009-12-04,13200,13700,13050,13650,1192618,0.04597701149425282
2009-12-07,13750,13900,13650,13850,789267,0.0146520146520146
2009-12-08,13750,13850,13550,13600,560049,-0.018050541516245522
2009-12-09,13400,13650,13300,13550,492212,-0.003676470588235281
2009-12-10,13750,14000,13400,14000,1379194,0.03321033210332103
2009-12-11,13950,14000,13800,13900,684511,-0.0071428571428571175
2009-12-14,14000,14000,13800,14000,503162,0.007194244604316502
2009-12-15,14000,14000,13900,14000,481960,0.0
2009-12-16,13950,14100,13900,13950,667265,-0.0035714285714285587
2009-12-17,14000,14000,13750,13850,660207,-0.007168458781361964
2009-12-18,13900,14000,13650,13800,601467,-0.0036101083032491488
2009-12-21,13750,13850,13500,13750,528569,-0.0036231884057971175
2009-12-22,13900,14000,13850,14000,475523,0.018181818181818077
2009-12-23,14000,14100,13800,13950,535693,-0.0035714285714285587
2009-12-24,14000,14150,13900,14000,684424,0.0035842293906809264
2009-12-28,14000,14100,13850,14050,436555,0.0035714285714285587
2009-12-29,13900,13950,13650,13850,511839,-0.014234875444839812
2009-12-30,13800,13950,13700,13950,408098,0.0072202166064982976
2010-01-04,13900,14350,13800,14300,851770,0.02508960573476693
2010-01-05,14300,14400,14100,14350,933676,0.0034965034965035446
2010-01-06,14250,14300,13950,14050,879584,-0.020905923344947785
2010-01-07,13900,14000,13750,13800,831615,-0.017793594306049876
2010-01-08,13900,13950,13600,13700,845673,-0.007246376811594235
2010-01-11,13600,13950,13600,13900,1153673,0.014598540145985384
2010-01-12,13950,13950,13250,13350,1459074,-0.03956834532374098
2010-01-13,13350,13500,13050,13050,1142520,-0.022471910112359605
2010-01-14,13100,13150,12700,12800,930890,-0.019157088122605415
2010-01-15,12950,12950,12600,12750,973221,-0.00390625
2010-01-18,12700,12850,12550,12700,670379,-0.0039215686274509665
2010-01-19,12800,12950,12600,12950,707125,0.019685039370078705
2010-01-20,12950,13000,12400,12400,1252273,-0.0424710424710425
2010-01-21,12350,12550,12100,12450,846704,0.0040322580645162365
2010-01-22,12200,12300,11950,12100,876255,-0.028112449799196804
2010-01-25,11900,12200,11800,12150,642285,0.004132231404958775
2010-01-26,12100,12300,11650,11950,1089620,-0.016460905349794275
2010-01-27,11950,12100,11550,11550,914745,-0.03347280334728031
2010-01-28,11650,11850,11500,11650,1182387,0.008658008658008587
2010-01-29,11450,11550,11300,11400,717979,-0.02145922746781115
2010-02-01,11350,11900,11350,11900,810734,0.04385964912280693
2010-02-02,12100,12150,11600,11600,990335,-0.025210084033613467
2010-02-03,11700,11850,11700,11750,592083,0.012931034482758674
2010-02-04,11750,11750,11500,11500,499226,-0.021276595744680882
2010-02-05,11050,11500,11000,11300,874616,-0.017391304347826098
2010-02-08,11250,11300,10700,10800,864318,-0.04424778761061943
2010-02-09,10750,11200,10650,11150,729340,0.03240740740740744
2010-02-10,11300,11700,11250,11500,761153,0.03139013452914807
2010-02-11,11600,11800,11450,11750,918263,0.021739130434782705
2010-02-12,11900,11900,11250,11550,1099343,-0.017021276595744705
2010-02-16,11500,11700,11350,11500,267962,-0.0043290043290042934
2010-02-17,11650,11950,11650,11850,731528,0.0304347826086957
2010-02-18,11900,11900,11650,11800,357969,-0.00421940928270037
2010-02-19,11800,11800,11450,11650,354213,-0.012711864406779627
2010-02-22,11750,12200,11750,12100,555378,0.03862660944205998
2010-02-23,12100,12450,11950,12400,758093,0.024793388429751984
2010-02-24,12300,12350,12100,12150,517602,-0.020161290322580627
2010-02-25,12200,12250,11700,11700,652854,-0.03703703703703709
2010-02-26,11700,11800,11600,11650,426252,-0.004273504273504258
2010-03-02,11750,12350,11700,12300,1032362,0.05579399141630903
2010-03-03,12200,12250,12000,12250,533722,-0.004065040650406471
2010-03-04,12150,12450,12100,12400,677530,0.012244897959183598
2010-03-05,12300,12500,12250,12450,273220,0.0040322580645162365
2010-03-08,12500,12600,12350,12550,688303,0.008032128514056325
2010-03-09,12450,12550,12200,12400,401120,-0.01195219123505975
2010-03-10,12300,12350,12000,12050,884179,-0.028225806451612878
2010-03-11,12200,12300,11850,11900,1527366,-0.012448132780082943
2010-03-12,12000,12000,11700,11800,1282058,-0.008403361344537785
2010-03-15,11750,11900,11600,11700,970429,-0.008474576271186418
2010-03-16,11750,11850,11550,11550,1465623,-0.012820512820512775
2010-03-17,11750,11800,11550,11800,1672928,0.02164502164502169
2010-03-18,11800,12100,11750,12000,1104896,0.016949152542372836
2010-03-19,12000,12100,11850,12050,807413,0.004166666666666652
2010-03-22,12100,12200,11900,12150,1034694,0.008298755186721962
2010-03-23,12150,12350,12100,12100,1089751,-0.004115226337448541
2010-03-24,12150,12200,11800,11800,555943,-0.024793388429752095
2010-03-25,11850,12050,11800,11950,1007052,0.012711864406779627
2010-03-26,11900,12150,11750,12050,1046187,0.008368200836819994
2010-03-29,11600,11900,11600,11750,1648256,-0.024896265560165998
2010-03-30,11850,12150,11750,12150,1734391,0.03404255319148941
2010-03-31,12200,12250,12050,12150,1193785,0.0
2010-04-01,12150,12350,11950,12300,1420673,0.012345679012345734
2010-04-02,12300,12350,12200,12350,893271,0.004065040650406582
2010-04-05,12250,12300,12050,12200,624665,-0.012145748987854255
2010-04-06,12300,12300,11950,12050,699635,-0.012295081967213073
2010-04-07,12050,12250,12000,12050,1112477,0.0
2010-04-08,12000,12050,11700,11800,1401861,-0.020746887966805017
2010-04-09,11850,11950,11650,11800,1173879,0.0
2010-04-12,11800,11950,11750,11900,1144866,0.008474576271186418
2010-04-13,11900,11950,11800,11950,553982,0.004201680672268893
2010-04-14,11900,12550,11900,12550,2976568,0.05020920502092041
2010-04-15,12900,13100,12800,13100,3111248,0.043824701195219085
2010-04-16,13100,13150,12800,12950,1470049,-0.011450381679389277
2010-04-19,12500,12800,12450,12800,1304683,-0.01158301158301156
2010-04-20,13000,13000,12600,12600,881434,-0.015625
2010-04-21,12700,12800,12450,12700,2000182,0.007936507936507908
2010-04-22,12650,12700,12250,12300,2156284,-0.03149606299212604
2010-04-23,12450,12450,12050,12100,1299255,-0.016260162601625994
2010-04-26,12100,12300,12050,12100,2516670,0.0
2010-04-27,12150,12250,12050,12100,1036181,0.0
2010-04-28,11850,11950,11750,11850,1137357,-0.02066115702479343
2010-04-29,11900,11950,11700,11750,905977,-0.008438818565400852
2010-04-30,11900,12200,11900,11950,1107585,0.017021276595744705
2010-05-03,11850,12200,11850,12200,782412,0.02092050209205021
2010-05-04,12250,12250,11950,12000,908793,-0.016393442622950838
2010-05-06,11650,11750,11250,11450,1435588,-0.04583333333333328
2010-05-07,10900,11250,10700,11000,1880550,-0.0393013100436681
2010-05-10,11200,11500,11050,11500,853272,0.045454545454545414
2010-05-11,11750,11800,11150,11350,1359517,-0.013043478260869601
2010-05-12,11400,11450,10950,11000,1252667,-0.03083700440528636
2010-05-13,11300,11300,11100,11200,963705,0.018181818181818077
2010-05-14,11000,11150,10950,11050,837480,-0.013392857142857095
2010-05-17,10800,10850,10300,10550,1555580,-0.04524886877828049
2010-05-18,10600,11100,10450,11100,1102639,0.05213270142180093
2010-05-19,10850,10950,10650,10950,628921,-0.013513513513513487
2010-05-20,10750,11100,10750,11000,611884,0.004566210045662045
2010-05-24,10950,11200,10850,10950,1196065,-0.004545454545454519
2010-05-25,10800,10850,10350,10450,899774,-0.045662100456621
2010-05-26,10500,10600,10050,10100,1512760,-0.03349282296650713
2010-05-27,10150,10450,10000,10400,1251626,0.02970297029702973
2010-05-28,10650,10650,10450,10550,1019406,0.014423076923076872
2010-05-31,10550,10900,10500,10850,601565,0.028436018957346043
2010-06-01,10850,10950,10500,10850,750196,0.0
2010-06-03,11000,11600,10900,11500,1381556,0.05990783410138256
2010-06-04,11400,11400,11200,11200,704682,-0.02608695652173909
2010-06-07,10800,10950,10550,10700,1141276,-0.044642857142857095
2010-06-08,10650,11050,10650,11050,815906,0.032710280373831724
2010-06-09,11050,11200,10750,11100,822230,0.004524886877828038
2010-06-10,11150,11350,10950,11250,743548,0.013513513513513598
2010-06-11,11350,11500,11200,11300,612779,0.004444444444444473
2010-06-14,11500,11550,11400,11450,579603,0.01327433628318575
2010-06-15,11350,11500,11250,11300,336303,-0.013100436681222738
2010-06-16,11400,11450,11200,11300,863920,0.0
2010-06-17,11350,11450,11250,11350,676485,0.004424778761061843
2010-06-18,11350,11400,11200,11250,590784,-0.008810572687224627
2010-06-21,11300,11400,11250,11350,639963,0.008888888888888946
2010-06-22,11250,11350,11200,11350,312759,0.0
2010-06-23,11300,11350,11200,11300,416847,-0.004405286343612369
2010-06-24,11250,11500,11250,11450,811511,0.01327433628318575
2010-06-25,11350,11450,11250,11400,571940,-0.004366812227074246
2010-06-28,11500,11550,11350,11450,480770,0.004385964912280604
2010-06-29,11350,11450,11350,11400,711952,-0.004366812227074246
2010-06-30,11200,11250,11050,11150,592399,-0.021929824561403466
2010-07-01,11000,11100,10800,11050,741785,-0.008968609865470878
2010-07-02,11100,11150,10950,11000,483997,-0.004524886877828038
2010-07-05,10900,11000,10750,10850,451753,-0.013636363636363669
2010-07-06,10750,10900,10550,10800,704204,-0.004608294930875556
2010-07-07,10900,10900,10650,10800,596857,0.0
2010-07-08,11050,11100,10900,10950,1061904,0.01388888888888884
2010-07-09,11050,11350,10900,11300,1564848,0.03196347031963476
2010-07-12,11400,11500,11150,11200,1112197,-0.008849557522123908
2010-07-13,11250,11350,11200,11300,781480,0.008928571428571397
2010-07-14,11400,11900,11350,11850,1889530,0.04867256637168138
2010-07-15,11700,12100,11700,12050,1857083,0.016877637130801704
2010-07-16,12000,12350,11900,12200,1979136,0.012448132780082943
2010-07-19,12000,12350,12000,12300,1352074,0.008196721311475308
2010-07-20,12300,12300,11650,11750,1393669,-0.04471544715447151
2010-07-21,11800,11950,11700,11900,472679,0.012765957446808418
2010-07-22,11800,11850,11600,11750,650549,-0.012605042016806678
2010-07-23,11850,12250,11850,12200,702951,0.038297872340425476
2010-07-26,12300,12450,12250,12450,964515,0.020491803278688492
2010-07-27,12550,12600,12300,12450,608883,0.0
2010-07-28,12500,12650,12400,12650,944707,0.016064257028112428
2010-07-29,12600,13050,12550,12950,1780661,0.02371541501976293
2010-07-30,12900,12950,12650,12750,739661,-0.015444015444015413
2010-08-02,12850,13100,12800,13050,1094854,0.0235294117647058
2010-08-03,13200,13200,12550,12550,908819,-0.03831417624521072
2010-08-04,12650,12900,12650,12800,570468,0.019920318725099584
2010-08-05,12900,13000,12800,12850,497675,0.00390625
2010-08-06,12800,13100,12550,12950,694311,0.0077821011673151474
2010-08-09,12900,13000,12800,12950,558423,0.0
2010-08-10,12850,12950,12750,12800,611452,-0.01158301158301156
2010-08-11,12700,12900,12600,12900,433485,0.0078125
2010-08-12,12600,12750,12400,12400,754452,-0.03875968992248058
2010-08-13,12400,12500,12050,12250,628981,-0.012096774193548376
2010-08-16,12250,12300,11900,12100,671436,-0.01224489795918371
2010-08-17,12000,12700,11950,12650,549194,0.045454545454545414
2010-08-18,12600,12900,12600,12800,635401,0.011857707509881354
2010-08-19,12750,12900,12700,12750,609279,-0.00390625
2010-08-20,12750,12850,12600,12700,304054,-0.0039215686274509665
2010-08-23,12850,12950,12750,12800,276330,0.007874015748031482
2010-08-24,12750,12950,12700,12900,351030,0.0078125
2010-08-25,12700,12900,12650,12850,718139,-0.003875968992248069
2010-08-26,13000,13050,12850,12900,838549,0.0038910505836575737
2010-08-27,12900,13000,12700,12850,1052703,-0.003875968992248069
2010-08-30,13000,13150,12900,13150,1255481,0.023346303501945442
2010-08-31,13000,13050,12750,12750,766517,-0.03041825095057038
2010-09-01,12850,12950,12500,12900,1132466,0.0117647058823529
2010-09-02,13000,13050,12600,13000,445477,0.007751937984496138
2010-09-03,13000,13050,12650,13000,570274,0.0
2010-09-06,13200,13200,12700,12850,886349,-0.011538461538461497
2010-09-07,12850,12900,12400,12450,1176258,-0.0311284046692607
2010-09-08,12350,12500,12300,12400,875237,-0.004016064257028162
2010-09-09,12550,12650,12300,12300,958623,-0.008064516129032251
2010-09-10,12400,12750,12350,12700,604301,0.03252032520325199
2010-09-13,12650,12850,12600,12750,629631,0.003937007874015741
2010-09-14,12900,13150,12800,13100,1373657,0.027450980392156765
2010-09-15,13000,13050,12850,13000,605879,-0.007633587786259555
2010-09-16,13000,13150,12900,13050,533915,0.0038461538461538325
2010-09-17,13100,13200,13000,13100,857207,0.003831417624521105
2010-09-20,13200,13500,13100,13450,932042,0.026717557251908497
2010-09-24,13500,13750,13300,13700,745463,0.018587360594795488
2010-09-27,13750,13850,13600,13700,502663,0.0
2010-09-28,13600,13750,13450,13550,567590,-0.010948905109489093
2010-09-29,13650,14050,13600,14000,1083133,0.03321033210332103
2010-09-30,14000,14150,13850,14050,1425491,0.0035714285714285587
2010-10-01,14000,14200,13800,14050,1171101,0.0
2010-10-04,14050,14300,14000,14300,899741,0.017793594306049876
2010-10-05,14200,14350,14100,14300,779163,0.0
2010-10-06,14400,14450,14200,14400,602646,0.006993006993007089
2010-10-07,14400,14450,14100,14150,460047,-0.01736111111111116
2010-10-08,14200,14450,13900,14450,731331,0.021201413427561766
2010-10-11,14400,14500,14250,14400,377986,-0.0034602076124568004
2010-10-12,14300,14600,14200,14300,595775,-0.00694444444444442
2010-10-13,14500,15000,14300,14950,909399,0.045454545454545414
2010-10-14,14900,15100,14650,15100,1006110,0.010033444816053505
2010-10-15,15050,15100,14800,15100,380764,0.0
2010-10-18,14950,15050,14450,14700,520251,-0.026490066225165587
2010-10-19,14700,14700,14150,14150,1074874,-0.0374149659863946
2010-10-20,14050,14700,13950,14400,1362325,0.0176678445229681
2010-10-21,14450,14550,14200,14400,761953,0.0
2010-10-22,14500,14900,14500,14750,504037,0.02430555555555558
2010-10-25,14850,14900,14500,14600,700659,-0.01016949152542368
2010-10-26,14600,14950,14350,14850,823205,0.017123287671232834
2010-10-27,14750,14950,14200,14500,922192,-0.023569023569023573
2010-10-28,14400,14600,14350,14350,523139,-0.010344827586206917
2010-10-29,14450,14450,13950,14000,730550,-0.024390243902439046
2010-11-01,14400,14550,14250,14500,666826,0.03571428571428581
2010-11-02,14450,14500,14100,14100,302442,-0.02758620689655178
2010-11-03,14100,14500,14100,14250,524565,0.010638297872340496
2010-11-04,14300,14800,14300,14800,636485,0.03859649122807007
2010-11-05,15000,15100,14600,14800,989628,0.0
2010-11-08,15000,15050,14600,14950,482137,0.010135135135135087
2010-11-09,15000,15050,14850,14850,569793,-0.006688963210702337
2010-11-10,14950,15100,14850,15000,1221820,0.010101010101010166
2010-11-11,15000,15050,14750,14750,1424455,-0.01666666666666672
2010-11-12,14950,15100,14200,14950,1355541,0.013559322033898313
2010-11-15,14900,15400,14850,15050,621050,0.006688963210702337
2010-11-16,15200,15200,14350,14650,1133244,-0.02657807308970095
2010-11-17,14400,14400,13900,14050,1082363,-0.04095563139931746
2010-11-18,14100,14450,13950,14350,718150,0.021352313167259718
2010-11-19,14350,14400,14000,14100,565714,-0.017421602787456414
2010-11-22,14150,14250,13950,14150,821349,0.0035460992907800915
2010-11-23,14050,14650,13750,14000,1356735,-0.010600706713780883
2010-11-24,13500,14200,13400,13950,945305,-0.0035714285714285587
2010-11-25,14050,14300,13800,14050,956024,0.007168458781362075
2010-11-26,14200,14300,13950,14200,902895,0.01067615658362997
2010-11-29,14000,14300,13650,13650,954532,-0.03873239436619713
2010-11-30,13700,13950,13600,13700,599826,0.00366300366300365
2010-12-01,13800,13800,13500,13650,437572,-0.0036496350364964014
2010-12-02,13750,13850,13650,13650,599999,0.0
2010-12-03,13750,13750,13550,13550,660310,-0.0073260073260073
2010-12-06,13650,14200,13550,14150,639750,0.04428044280442811
2010-12-07,14000,14050,13800,13800,608556,-0.02473498233215543
2010-12-08,13700,13800,13500,13550,871472,-0.018115942028985477
2010-12-09,13600,14100,13550,14100,1095020,0.040590405904058935
2010-12-10,14050,14450,13950,14350,1021329,0.01773049645390068
2010-12-13,14450,14650,14300,14650,789502,0.020905923344947785
2010-12-14,14700,14700,14450,14550,532568,-0.0068259385665528916
2010-12-15,14650,14750,14400,14550,763940,0.0
2010-12-16,14450,14500,14100,14100,677495,-0.030927835051546393
2010-12-17,14200,14700,14150,14600,656689,0.03546099290780136
2010-12-20,14250,14750,14250,14650,1471174,0.003424657534246478
2010-12-21,14900,14900,14450,14600,984025,-0.0034129692832765013
2010-12-22,14600,14600,14100,14250,836678,-0.023972602739726012
2010-12-23,14300,14400,14100,14300,844497,0.0035087719298245723
2010-12-24,14250,14300,13950,14050,685534,-0.0174825174825175
2010-12-27,13900,14300,13900,14300,696286,0.017793594306049876
2010-12-28,14350,14550,14300,14500,797372,0.013986013986013957
2010-12-29,14350,14350,14100,14250,608511,-0.017241379310344862
2010-12-30,14300,14450,14150,14350,445292,0.007017543859649145
2011-01-03,14350,14650,14300,14650,635176,0.020905923344947785
2011-01-04,14800,14900,14650,14900,851860,0.017064846416382284
2011-01-05,14800,14950,14500,14550,766134,-0.023489932885906062
2011-01-06,14700,14800,14250,14600,962256,0.0034364261168384758
2011-01-07,14600,15200,14450,15200,2388615,0.041095890410958846
2011-01-10,15150,15200,14850,15050,1033182,-0.009868421052631526
2011-01-11,15050,15050,14800,15050,629677,0.0
2011-01-12,15100,15100,14600,14750,877023,-0.019933554817275767
2011-01-13,15150,15300,14800,15150,1551031,0.027118644067796627
2011-01-14,15300,15550,15050,15500,1374004,0.02310231023102305
2011-01-17,15750,15950,15500,15600,1086087,0.006451612903225712
2011-01-18,15400,15450,14850,15100,1568136,-0.03205128205128205
2011-01-19,15050,15100,14650,14850,1165702,-0.01655629139072845
2011-01-20,14750,15200,14550,15100,1179611,0.01683501683501687
2011-01-21,14900,15000,14550,14550,1059292,-0.03642384105960261
2011-01-24,14400,14550,14350,14350,1018341,-0.013745704467353903
2011-01-25,14450,14650,14350,14350,906925,0.0
2011-01-26,14350,14500,14200,14400,398682,0.0034843205574912606
2011-01-27,14300,14350,14000,14250,1270285,-0.01041666666666663
2011-01-28,14150,14250,13950,14000,838369,-0.01754385964912286
2011-01-31,13800,13800,13400,13500,1367782,-0.0357142857142857
2011-02-01,13550,13900,13250,13850,1373112,0.025925925925925908
2011-02-07,13950,14150,13900,13950,1425033,0.0072202166064982976
2011-02-08,14050,14300,13800,14050,1191799,0.007168458781362075
2011-02-09,14100,14150,13900,14000,691234,-0.003558718861209953
2011-02-10,13850,14200,13750,13800,989458,-0.014285714285714235
2011-02-11,13850,14050,13600,13600,603177,-0.01449275362318836
2011-02-14,13700,13900,13450,13800,526343,0.014705882352941124
2011-02-15,13650,13900,13500,13750,646196,-0.0036231884057971175
2011-02-16,13750,13950,13700,13750,550640,0.0
2011-02-17,13750,13800,13000,13150,985050,-0.043636363636363584
2011-02-18,13250,13600,13100,13600,648683,0.034220532319391594
2011-02-21,13350,13500,13200,13300,426117,-0.022058823529411797
2011-02-22,13150,13250,12850,12900,1015116,-0.03007518796992481
2011-02-23,13000,13700,13000,13700,1372254,0.0620155038759691
2011-02-24,13700,13950,13500,13600,616040,-0.007299270072992692
2011-02-25,13450,13650,13350,13450,621925,-0.011029411764705843
2011-02-28,13400,13850,13250,13550,667404,0.0074349442379182396
2011-03-02,13500,13650,13100,13300,784442,-0.01845018450184499
2011-03-03,13250,13550,13150,13400,870149,0.007518796992481258
2011-03-04,13550,13850,13400,13800,1035942,0.029850746268656803
2011-03-07,13800,13850,13650,13750,555864,-0.0036231884057971175
2011-03-08,13900,14200,13850,14150,1150438,0.029090909090909056
2011-03-09,14200,14450,14100,14300,1209257,0.010600706713780994
2011-03-10,14300,14650,14150,14350,2166364,0.0034965034965035446
2011-03-11,0,0,0,14350,0,0.0
2011-03-14,0,0,0,14350,0,0.0
2011-03-15,0,0,0,14350,0,0.0
2011-03-16,0,0,0,14350,0,0.0
2011-03-17,0,0,0,14350,0,0.0
2011-03-18,0,0,0,14350,0,0.0
2011-03-21,0,0,0,14350,0,0.0
2011-03-22,0,0,0,14350,0,0.0
2011-03-23,0,0,0,14350,0,0.0
2011-03-24,0,0,0,14350,0,0.0
2011-03-25,0,0,0,14350,0,0.0
2011-03-28,0,0,0,14350,0,0.0
2011-03-29,0,0,0,14350,0,0.0
